kepoi_name,koi_period,koi_prad,koi_depth,planet_prob
K00865.01,119.0207044,8.98,7430.5,1.0
K00901.01,12.732624065,4.87,6465.7,1.0
K04410.01,5.04404366,1.47,236.5,1.0
K04398.01,7.3422467,1.6,366.8,1.0
K04245.01,24.6683831,1.76,109.2,1.0
K01331.01,6.80082032,1.88,699.9,1.0
K01397.01,6.247030799,1.89,1496.6,1.0
K01315.01,6.84639884,1.9,149.7,1.0
K01733.01,19.18109525,1.72,865.4,1.0
K04570.01,35.0175053,2.13,292.0,1.0
K01420.01,13.35151248,4.44,3308.8,1.0
K04503.01,5.89089509,1.54,267.7,1.0
K04149.01,9.54699216,1.71,143.0,1.0
K02037.02,5.47715718,2.17,568.4,1.0
K04480.01,58.7488629,1.75,473.6,1.0
K02579.03,10.30148508,1.6,162.7,1.0
K00626.02,8.0292018,0.99,65.6,1.0
K01656.01,51.3901452,3.62,494.0,1.0
K01660.01,35.6364022,1.99,452.6,1.0
K01053.02,46.245164,2.46,492.1,1.0
K01338.02,42.0370662,1.66,266.8,1.0
K05384.01,7.95445779,9.5,6269.4,1.0
K01590.03,4.74666128,1.3,256.8,1.0
K04526.01,30.5392931,2.72,428.2,1.0
K04541.01,8.5291223,2.08,325.4,1.0
K04766.01,5.56676609,1.12,173.8,1.0
K04477.01,5.30179786,1.22,197.2,1.0
K02037.03,8.56267266,2.26,608.1,1.0
K06132.03,11.867172,4.03,595.6,1.0
K01590.01,12.89006728,1.93,602.5,1.0
K06179.01,16.2957847,2.13,409.8,1.0
K03864.02,18.2572722,0.94,157.5,1.0
K00641.01,14.85185526,2.73,1341.0,1.0
K04505.01,18.0071438,1.05,80.8,1.0
K03355.01,16.2953228,1.6,229.1,1.0
K03469.01,60.532988,1.91,467.5,1.0
K02401.01,38.2292037,1.51,605.8,1.0
K02942.01,13.84301228,1.98,567.8,1.0
K02550.01,18.0243482,1.98,441.2,1.0
K00935.04,9.61731426,1.94,234.0,1.0
K04428.01,13.00291716,1.28,225.3,1.0
K01145.01,30.5872153,2.32,464.8,1.0
K01362.01,20.51360192,2.58,1174.1,1.0
K04226.01,49.564693,1.63,113.5,1.0
K04431.01,19.5650801,0.97,61.7,1.0
K02900.01,46.151253,2.08,649.0,1.0
K02613.01,51.5738653,2.41,900.7,1.0
K02551.01,16.4793229,1.53,479.1,1.0
K02923.01,5.83892993,1.19,237.4,1.0
K02377.01,13.9034057,1.55,261.4,1.0
K02927.01,24.4359956,2.31,496.6,1.0
K02949.01,10.1747037,1.04,52.4,1.0
K04891.01,4.7309013,1.39,228.5,1.0
K01856.01,46.2991052,4.33,854.9,1.0
K03341.01,27.0965146,2.13,208.4,1.0
K02159.01,7.5966998,1.32,127.5,1.0
K02226.01,8.46354384,2.51,792.2,1.0
K03031.01,7.64809462,1.19,195.9,1.0
K02264.02,7.25101997,0.91,122.8,1.0
K03394.01,15.5764061,1.79,257.1,1.0
K02400.01,11.6191707,2.21,700.4,1.0
K03444.01,12.67143692,0.76,215.8,1.0
K02554.02,10.27127527,0.94,343.5,1.0
K02560.01,18.1209388,1.68,504.2,1.0
K02637.01,3.98864999,1.15,94.2,1.0
K03377.01,10.0100312,0.99,375.8,1.0
K03041.01,5.08288076,1.15,108.0,1.0
K03040.01,4.8099878,1.59,288.2,1.0
K03123.01,15.2311195,1.94,269.1,1.0
K01803.01,4.539297295,2.34,798.1,1.0
K01946.01,8.29482811,2.76,559.5,1.0
K03396.01,36.2580749,1.82,380.3,1.0
K01562.02,20.0679247,2.25,482.2,1.0
K00353.03,11.1619384,1.97,124.4,1.0
K02186.01,14.97974335,3.79,1211.8,1.0
K03337.01,11.16622885,1.56,353.9,1.0
K01861.01,17.50441726,3.56,725.4,1.0
K02009.01,86.7490807,2.23,547.1,1.0
K01934.01,28.78270955,2.11,864.5,1.0
K03069.01,43.1024434,1.88,299.8,1.0
K00350.01,12.99065074,2.02,392.3,1.0
K02984.01,11.45541896,1.12,68.6,1.0
K00426.01,16.30141333,3.84,942.3,1.0
K04774.01,51.567801,1.3,210.1,1.0
K00522.01,12.82993461,3.31,1417.4,1.0
K03020.01,10.9192653,1.9,91.1,1.0
K03142.01,27.9430245,2.21,308.6,1.0
K03323.01,14.3196417,2.06,215.5,1.0
K03111.01,10.76800074,0.92,65.1,1.0
K02821.01,79.2450351,3.33,1347.3,1.0
K04811.01,21.7434141,2.23,154.8,1.0
K02449.01,53.3580444,3.41,736.1,1.0
K02531.01,17.6997392,1.96,752.7,1.0
K03052.01,10.12956201,0.78,81.3,1.0
K02972.01,13.2511214,1.98,266.5,1.0
K02720.01,6.57159435,1.26,65.7,0.9997927071424274
K04452.01,12.85755895,1.23,106.5,0.9997463353911034
K03371.01,58.1263775,1.32,271.5,0.9996286571642911
K00501.01,24.7962801,2.7,574.4,0.9996280017152659
K01151.04,17.4532945,0.76,79.3,0.9996218637992831
K01399.01,8.75059775,2.27,881.9,0.9996205437199626
K02189.01,33.35859852,4.44,1825.9,0.999528224282443
K01630.01,11.30507984,1.4,278.4,0.9994958996623251
K02963.02,7.35101287,1.42,115.9,0.999394098743792
K01884.02,4.77502117,1.73,451.4,0.999394098743792
K03209.01,11.91256675,2.61,123.1,0.9993923458954135
K01573.02,7.136922,1.38,221.6,0.9993920537540169
K03340.02,13.7281373,1.06,106.6,0.9993920537540169
K03391.01,36.7662364,1.28,579.5,0.9993917616126204
K04021.01,7.23531329,1.53,112.2,0.9993888401986561
K02598.01,29.2254372,1.35,174.1,0.9993867952088812
K01972.01,17.79108667,2.88,414.2,0.9993850423605024
K04318.01,14.8162925,1.57,108.2,0.9993832895121239
K02958.01,31.6084371,1.89,331.6,0.9993832895121239
K02641.01,3.55557922,0.84,60.4,0.9993818288051417
K04972.01,26.092284,1.35,122.4,0.9993812445223489
K03329.01,12.6878176,2.16,293.0,0.999378030966988
K02764.01,2.252976718,1.19,467.9,0.9993686824423021
K04856.01,147.388124,3.03,909.2,0.9993663453111307
K03043.01,3.08942807,1.07,85.3,0.9993643003213557
K02915.01,5.06092282,0.98,71.6,0.9993643003213557
K03034.01,31.0209175,1.66,859.5,0.9992557848538243
K02976.01,21.61313362,1.94,818.1,0.9991239178188397
K03312.01,18.0939004,1.91,467.3,0.9991201135337375
K03455.01,14.0545718,1.45,274.3,0.9991201135337375
K04763.01,56.446465,1.57,147.9,0.9991175838810843
K02206.01,1.834277283,1.64,286.5,0.9991160054954491
K04032.05,7.23524221,0.82,60.0,0.9991140622741229
K03374.02,34.1086562,1.95,133.8,0.9991125401929261
K01537.01,10.19154678,1.39,61.3,0.9991102644359692
K04273.01,17.3731821,1.31,71.7,0.9990984654731458
K03448.01,32.510844,2.62,361.9,0.9990962906179465
K05333.01,20.5477769,1.67,253.8,0.9990922619047619
K01151.05,21.7203362,0.8,87.8,0.9990261874919503
K00298.02,57.3840375,1.62,241.7,0.99898967601908
K05748.01,29.9371143,1.19,194.3,0.9989843059552453
K04827.01,31.1920226,1.65,447.8,0.9989843059552453
K01574.03,5.83393857,1.98,134.4,0.9989402495466102
K00777.01,40.4195037,7.51,6256.0,0.998938186951699
K02656.01,6.77367892,1.33,150.7,0.9989291967019267
K03339.01,23.1334494,2.55,456.3,0.9987858603564125
K05327.01,5.43361347,2.09,1421.0,0.9987718375693836
K02935.01,27.8813154,1.54,209.2,0.9987645340344727
K04149.02,14.708641,1.82,130.6,0.9987349265664028
K01473.01,23.02028478,7.58,5077.8,0.9985694617028495
K06707.01,43.535891,1.86,576.6,0.9985671914529984
K03451.01,10.90752977,1.58,186.0,0.9984875092219425
K03007.01,11.1916199,1.47,166.4,0.9984874077902922
K04323.01,11.49589567,1.59,108.3,0.9984801644128632
K05553.01,120.938669,2.32,782.1,0.9983333333333333
K01082.04,9.6550473,1.45,313.1,0.9983333333333333
K04302.01,5.53312006,1.05,53.1,0.9983333333333333
K05007.01,14.5168151,1.82,86.0,0.9983333333333333
K02220.04,7.66462913,1.6,114.1,0.9983333333333333
K03283.02,20.5718107,1.34,379.0,0.9983333333333333
K00734.02,70.2780911,2.54,781.6,0.9983333333333333
K04520.01,9.3335486,1.69,71.2,0.9983333333333333
K01359.02,104.8205868,6.45,3920.1,0.9983333333333333
K00141.01,2.624234833,5.11,2607.0,0.9983333333333333
K00332.02,6.86674226,0.79,47.2,0.9983333333333333
K02380.01,6.35705314,1.59,272.2,0.9983333333333333
K00687.01,4.17838675,3.13,316.0,0.9983333333333333
K02135.02,20.1890396,1.39,112.1,0.9983264264050117
K00924.01,39.4759093,4.06,1012.6,0.9982420668551104
K00379.02,23.1375919,1.83,114.0,0.998210719759406
K02603.01,73.711039,1.77,136.7,0.998210158982016
K02124.01,42.3375799,1.45,354.8,0.9982026023445651
K04653.01,19.9778599,1.07,83.4,0.9981718496528178
K03037.01,5.4654174,1.23,219.5,0.9981598549034549
K01758.01,5.59728249,3.28,1407.3,0.9980441507035988
K01597.01,7.79668781,2.44,361.3,0.9980304535019328
K01328.01,80.9669561,5.04,4733.0,0.9979449289772191
K03086.01,174.731515,3.0,1179.9,0.997923895636989
K02357.01,2.42088277,2.27,223.3,0.997908968224637
K02992.01,82.6595174,2.03,1270.7,0.9978874507936633
K05831.01,10.552241908,1.75,954.0,0.9977402862985685
K04467.01,2.94242323,1.42,293.3,0.9977256792287468
K04630.01,44.6966177,2.46,257.3,0.9977180835524393
K03073.01,7.40985182,1.18,201.1,0.9977166228454571
K04840.01,10.4716194,1.74,123.9,0.997715162138475
K00928.01,2.494170338,2.42,863.7,0.9977093193105463
K03190.01,8.95294046,0.86,44.0,0.9977055214723927
K05098.01,100.345648,1.57,372.3,0.997699678644464
K04499.01,5.19898615,1.04,136.8,0.9976021194863286
K00353.01,152.1060435,11.58,3688.3,0.9975928744746915
K02691.01,97.4463194,3.05,2141.1,0.997532766555737
K02971.02,31.9533679,1.65,106.1,0.9975067783939857
K04530.01,12.6362048,1.1,124.0,0.9974534468670708
K03042.01,31.0259489,1.91,385.4,0.9972799810663692
K01357.01,3.014330766,2.87,975.3,0.9972297847856665
K03397.01,35.8754482,2.35,366.7,0.9972156349735257
K03310.01,20.5512722,1.64,191.2,0.9971914887925203
K02899.01,5.77207177,1.54,328.5,0.9970295901699338
K04288.02,9.08745206,0.73,35.1,0.9969827423987742
K01095.01,51.59809554,6.57,5869.2,0.9969688754596073
K04497.01,6.83006228,1.09,187.4,0.9969647935102148
K04358.01,106.957467,2.4,539.6,0.9969066397635958
K06246.01,9.13315062,1.48,231.2,0.9968391862551965
K07759.01,6.2253374,1.92,108.6,0.9968246914830736
K00896.03,28.8672107,1.51,347.1,0.9967475611110971
K02926.05,75.731195,3.47,2496.0,0.9967449678824238
K00211.01,124.03589939,11.13,7690.0,0.9967386771513354
K00415.01,166.7876551,7.03,4764.2,0.9966666666666667
K04442.01,13.9482197,2.53,119.4,0.9966666666666667
K01750.02,2.53742164,0.93,104.5,0.9966666666666667
K01271.01,162.0479502,11.52,4840.5,0.996598855000373
K01731.01,2.59488443,2.36,592.2,0.9965452539848919
K00268.01,110.3783828,3.02,489.8,0.9964544530908231
K04208.01,3.05772668,1.23,311.0,0.9963044212579786
K02422.02,57.3888262,1.88,344.4,0.9962867882415936
K03068.01,3.91679553,0.85,161.3,0.9962693782879074
K03425.03,7.64370363,1.85,70.9,0.9962116864695387
K02064.01,6.31219171,2.17,403.7,0.9960727432077124
K03483.01,82.331756,2.08,283.2,0.9960549442156003
K04647.02,12.008552,2.08,76.6,0.9960449897750512
K06130.01,1.54287434,1.05,401.4,0.9958664913818289
K04647.01,37.9043889,1.97,98.2,0.9958612534360805
K04509.01,12.003678,0.97,281.7,0.9958525745743617
K03395.01,10.00506974,1.11,143.3,0.9957867802004042
K02770.01,205.385912,2.11,1248.7,0.9957651275937884
K02373.01,147.281212,2.28,452.8,0.9957583099549435
K01066.01,5.714817603,9.29,12294.8,0.99571718922483
K05426.01,124.887214,1.78,176.5,0.9956969470848247
K02914.01,21.1181653,2.89,112.7,0.9956908662072105
K00191.03,0.708621057,1.2,187.5,0.9954945832134618
K02294.01,131.485184,3.03,557.8,0.9954741454864154
K04374.01,3.70386741,0.86,125.7,0.9954659655273151
K07638.01,25.0032023,1.47,64.1,0.99546219350591
K02572.01,6.37705295,2.15,502.8,0.9954577449670211
K01510.01,0.839961456,1.63,492.9,0.9954491921968528
K03460.01,62.596544,2.25,223.1,0.9953869164176505
K05458.01,56.648588,2.19,648.9,0.9953247270225787
K01962.01,32.85862571,2.31,162.8,0.995255787898613
K05605.01,9.011888,7.04,987.6,0.9952253020377038
K00317.02,11.505879,0.99,49.8,0.9951596363319669
K01458.01,8.98128472,7.19,4924.0,0.9951525831548717
K00212.01,5.69590202,6.61,4921.1,0.9951429648481774
K04626.01,91.95723,2.66,308.4,0.9950388255544309
K04329.01,17.8007815,1.02,44.5,0.9949984437362502
K04680.01,54.0812235,1.54,411.1,0.9949180341876823
K00992.02,4.57834367,1.44,140.7,0.9948917473762041
K03271.02,7.41834569,1.12,234.0,0.9948382504700718
K03117.01,6.06664931,0.87,65.3,0.9947234688747576
K02516.01,2.81043228,1.43,47.4,0.9946819527738948
K02862.01,24.5752524,1.64,1003.4,0.9946817525488342
K02534.02,5.42204257,1.39,79.1,0.9945802858562952
K00797.01,10.181584004,7.73,5741.1,0.9944826193960756
K07375.01,4.84847245,1.51,554.7,0.9943708101329151
K02298.01,16.6671415,0.7,175.0,0.9943533292480371
K03264.01,13.0151826,1.36,331.6,0.9942821670905417
K04768.01,3.43633133,1.44,473.5,0.994257895908483
K03114.01,7.49133777,1.01,34.5,0.994228015045713
K00416.03,9.74765878,0.78,102.0,0.9942055725944912
K02732.04,24.5607107,1.13,55.2,0.994203316731247
K04914.01,5.47455167,1.4,73.2,0.994171200864794
K04466.01,154.674369,2.29,435.8,0.9941167591778545
K04287.01,13.12297275,1.29,43.7,0.9940653740272609
K01816.01,10.240611361,3.9,2958.0,0.9939374594795514
K03203.01,96.81647,3.19,164.7,0.993911017300073
K04963.01,59.4037839,1.65,123.5,0.9938167184231643
K03029.02,6.34724702,1.35,159.8,0.9937569178857478
K04129.01,2.31482311,0.69,58.6,0.9937461560836679
K00815.01,34.84398644,7.61,4523.6,0.9937452373480948
K04205.01,1.166960319,0.88,97.8,0.993377491479627
K02957.01,4.64490141,0.76,106.4,0.9932000899438286
K03248.01,6.91261536,0.64,34.4,0.9930605722084027
K03408.01,65.427645,1.65,319.0,0.9928801065406236
K02853.01,1.407020118,1.12,181.9,0.9928703379541199
K04257.01,41.6757509,2.1,142.0,0.9928702225461276
K04334.01,2.44232399,1.1,229.0,0.9928691768010564
K02840.02,7.4464635,0.77,78.0,0.9925994741454867
K04633.01,11.6933447,1.12,66.9,0.9925994741454867
K01602.02,3.03359398,1.55,95.6,0.9925357300373961
K04353.01,17.8075656,3.92,1511.0,0.9924703333456335
K04762.01,11.56722589,1.29,373.7,0.9924445574116144
K04549.01,2.0481582,1.16,183.3,0.9924433594586491
K02571.01,0.82628442,0.96,134.9,0.9922255132917573
K04772.01,3.38080537,1.69,200.9,0.9921692680076789
K00974.01,53.5057611,2.52,195.6,0.9921514910593108
K04242.01,145.786556,1.82,378.0,0.9919444402522192
K03214.02,25.0901574,1.35,37.7,0.9918508643706329
K03202.01,92.461135,2.86,122.4,0.99179408999073
K03389.01,29.7681831,3.98,159.9,0.9916730360237735
K04649.01,3.38419892,1.2,228.2,0.9916716323533558
K03168.01,56.3479517,1.06,43.6,0.9916565733303099
K03770.01,2.60720833,7.31,3149.7,0.9916353772572116
K00728.01,7.189379172,11.94,8126.4,0.9916146833625343
K05663.01,140.884533,1.52,158.0,0.9916124994660955
K04829.01,7.630545,2.26,364.9,0.9916037466306538
K06966.01,8.47484677,1.35,217.8,0.9915935817383583
K03341.02,11.5474983,1.48,115.5,0.9915366637452526
K02480.01,0.66682654,1.49,511.6,0.9915270627775858
K04710.01,9.4527721,1.3,197.3,0.9914622314182588
K02859.05,5.43103616,0.66,66.8,0.9914354557446088
K00732.02,3.29534567,1.23,141.9,0.9912428802984361
K03083.01,10.18318233,0.79,51.5,0.991235389253289
K01103.01,90.1240507,7.12,3020.3,0.991228807758511
K03111.02,4.32848303,0.66,35.5,0.9912261428019054
K05817.01,113.083522,1.59,130.7,0.9910147781689876
K04586.01,75.2116373,2.83,362.6,0.9909382200154255
K00902.01,83.92494032,4.78,7958.7,0.990900616144613
K04456.01,7.4299322,1.81,164.9,0.9908992249922528
K02759.01,1.07808492,1.01,155.6,0.9908471476265205
K02433.04,27.9040511,2.19,300.2,0.9908375184085216
K00469.01,10.32906563,6.17,2309.8,0.9908135370676178
K05155.01,230.180357,7.57,3689.3,0.990782506138972
K03689.01,5.24088367,12.74,8531.2,0.9907332823366911
K00914.01,3.886655224,1.87,581.6,0.9906965911899465
K03128.01,21.2360024,2.62,104.4,0.9905082304989755
K04495.01,5.93218209,1.39,205.3,0.9904560327198364
K01527.01,192.667139,3.64,1148.3,0.9904363401688572
K07002.01,4.83014159,1.3,192.0,0.9904017280325409
K03050.01,1.242639742,1.02,159.3,0.9903331343968722
K00151.01,13.4471791,5.24,1428.2,0.9903277581833059
K02248.03,0.76196247,1.08,190.2,0.9901224694454074
K03463.01,32.5474295,1.42,157.1,0.9900692875043605
K03029.01,18.9763286,2.24,329.8,0.9899341756351022
K02971.01,6.09595681,1.26,65.7,0.9898613332966685
K04508.01,2.49915311,1.02,179.2,0.9897266613317476
K02689.01,165.3447044,6.98,4899.0,0.9896333195598197
K03481.01,32.715906,3.68,135.7,0.9896277699856232
K06137.01,12.4970599,1.44,180.0,0.9895837236522061
K02657.01,5.22402436,0.58,48.1,0.9895718065558492
K04557.01,5.75651958,0.83,65.3,0.989444922116509
K03301.01,20.7106368,1.12,142.5,0.9894004792077541
K02486.01,4.267961416,1.42,127.4,0.9893512986143058
K04627.01,7.51731745,1.19,170.7,0.9892907876888398
K04551.01,14.7179342,1.25,132.3,0.9892670172363425
K04391.01,49.4746966,1.62,291.0,0.9891695429629065
K03206.01,15.1516409,1.38,191.5,0.9891232829522456
K01947.01,6.422943288,1.66,261.4,0.9889551124219405
K04427.01,147.661729,1.59,1087.8,0.9888310387179227
K03401.01,17.9559673,1.96,137.0,0.9887907600837843
K04346.01,6.39269778,1.21,174.3,0.9887411441487596
K01411.01,305.0762469,7.82,4042.8,0.9885371167548261
K03909.01,247.891041,4.74,956.6,0.9884984466831558
K02174.01,6.69332825,2.44,781.8,0.9884355812004242
K01310.02,144.688915,3.33,397.1,0.9883493975194155
K03368.01,10.08535311,1.45,222.5,0.9882814107300859
K04709.01,3.70858595,1.33,305.4,0.987889607699884
K04833.01,4.31724247,1.01,59.0,0.9878304854464507
K04714.01,2.049602348,1.08,186.1,0.9878227094310282
K04526.02,11.8187288,2.09,249.0,0.9875800714939286
K03420.01,5.77451117,1.87,156.3,0.9875627285924016
K01963.01,12.89623554,2.55,426.6,0.9875473252132726
K03470.01,15.0617835,1.61,196.6,0.9874908130531472
K03823.01,202.1168173,5.8,2701.2,0.987426115219982
K02453.01,1.530515205,0.84,659.7,0.9872997989051919
K02158.02,6.68231249,2.09,48.7,0.9872929381996202
K00750.02,5.04413987,1.18,172.0,0.9871425778176132
K04614.01,6.4546845,1.38,69.9,0.9871397901412018
K04558.01,8.8233996,1.13,104.6,0.9871298436518221
K04588.01,7.53737498,0.93,41.1,0.9870072806747847
K05476.01,148.179343,2.52,466.6,0.9869868362700747
K02840.01,3.67936863,0.92,85.9,0.9867672894078842
K02592.01,175.603366,2.87,506.8,0.9867223348120594
K04022.01,4.85819429,2.04,76.3,0.9867105990300274
K05854.01,240.57135,2.93,921.5,0.986585141574373
K03017.01,2.46288834,0.67,47.4,0.9864539382713308
K05435.01,15.9961296,1.71,500.7,0.9864282140624698
K04366.01,0.762950224,1.0,187.3,0.986377641208364
K03196.02,6.88297756,0.77,30.4,0.9863012725640493
K03309.01,71.05457555,5.91,4853.2,0.9862978759490915
K04120.01,110.461746,1.93,331.2,0.9862635181664656
K00531.01,3.687469832,5.78,5057.6,0.9862591701436749
K04524.03,3.33930957,1.2,91.3,0.9862225823566338
K06765.01,13.05609,1.3,170.8,0.9861082596349926
K02232.02,12.834857,1.73,293.9,0.986048127563649
K04881.01,5.6795377,1.16,52.0,0.9860426113381386
K02450.02,7.1931193,1.12,125.6,0.9860152328032029
K01582.01,186.4361811,11.32,4347.0,0.9859370614419085
K07076.01,16.2347636,1.28,115.5,0.9858671627011125
K06646.01,7.1356633,1.38,255.5,0.9858551264199874
K03340.01,8.9539656,0.84,70.4,0.9857522640958225
K06259.02,7.18864064,1.3,133.5,0.9856831932209813
K00607.01,5.89399142,11.16,10993.0,0.9856489600957464
K01613.03,20.605501,0.85,37.1,0.9856202798294457
K01552.01,77.63424586,9.4,16612.0,0.9856195059666061
K03004.02,7.03965141,2.72,268.7,0.9855558281988893
K06475.01,4.84505985,1.54,298.4,0.9855462204720437
K04207.01,0.701944362,0.8,210.8,0.9854720792694529
K04992.01,12.5747207,1.45,323.3,0.9854227124735654
K04259.01,0.909127736,0.98,98.7,0.9854165148746913
K02968.01,10.16435076,1.99,37.7,0.985406238155191
K01169.01,0.689210173,1.32,195.0,0.9852478734681647
K02706.01,3.09756897,1.75,83.3,0.9852124821466469
K03137.01,1.332035996,0.85,136.8,0.9851330853154909
K03307.01,10.5071781,1.41,271.8,0.9851221871291328
K04755.01,3.74318005,1.75,237.5,0.9850986150043803
K06178.01,13.0327301,1.64,242.3,0.9850451949581496
K03420.02,12.5014905,2.24,220.1,0.9849562262142251
K01393.01,1.694740233,2.12,1446.8,0.9849444467776377
K04700.01,3.83488354,1.2,243.0,0.9848579172277679
K02610.01,24.1073172,2.74,104.2,0.984753901837768
K01910.02,18.3848331,1.15,151.8,0.9846226545460947
K04900.01,6.6716723,1.27,154.4,0.984599129509887
K04644.01,3.44928111,1.23,237.0,0.9845044345323087
K01619.01,20.6654374,0.66,100.4,0.9844647577096745
K01784.01,5.007414194,8.8,4413.9,0.9843947445565828
K07400.01,4.15736472,1.09,200.7,0.9843741169874204
K04595.01,0.597018404,1.09,245.4,0.9842202286910666
K03434.01,10.2856373,1.24,134.9,0.9841769942945962
K04567.02,4.67250377,1.11,79.6,0.9839197883234184
K04698.01,8.5275894,1.28,112.5,0.9837814953414291
K07106.01,5.01880305,1.08,98.7,0.9836659812214034
K04877.01,5.19206571,0.99,66.6,0.9836099863755391
K04674.01,4.84350003,0.9,50.2,0.9835796755426531
K04123.01,44.6226725,1.73,131.9,0.983570515980032
K03258.01,40.3511707,1.88,533.5,0.9835349868431448
K02217.01,37.8034121,2.95,678.1,0.9835101923237228
K04037.01,215.956008,3.36,392.7,0.9834241541210156
K06132.01,33.3200908,13.0,6186.9,0.9834066086590667
K01681.01,6.93910337,1.41,614.7,0.9833667388385743
K05769.01,7.58062893,0.97,86.1,0.9833372111466812
K00686.01,52.513548727,12.43,14252.3,0.9829295733619119
K03354.01,11.5706005,1.33,211.9,0.9829021130020569
K04737.01,7.79534033,1.07,102.1,0.9828222501326993
K04759.01,17.7662938,1.54,181.1,0.982811643686095
K00750.03,14.516741,1.45,227.2,0.9827933096448181
K03165.01,4.11754421,1.02,34.3,0.9826325933850288
K04460.01,284.727213,2.02,355.3,0.9826320299210901
K03429.01,15.8283833,1.8,227.5,0.9826089915404331
K04711.01,4.3638313,1.08,194.1,0.9825928474296908
K04754.01,7.08757462,1.28,187.0,0.9825659492479452
K06793.01,3.62657392,0.79,98.5,0.9825137081040008
K07510.01,5.60682001,1.04,150.7,0.9824315799230852
K06355.01,4.37198905,0.93,103.7,0.9822994861734969
K06601.01,17.9925973,1.62,198.5,0.9822821305811619
K00075.01,105.8817667,10.16,1556.3,0.9820250048281449
K01239.01,0.783276173,1.98,264.7,0.9819960820240378
K04601.01,7.94004281,0.98,81.9,0.9819268395211797
K01906.01,8.710442022,3.61,1196.4,0.9818479629236931
K03145.02,0.977311489,1.06,250.7,0.9817266156049764
K01764.01,12.681733929,7.25,5879.1,0.9817134508307725
K04393.01,1.62888267,0.92,130.9,0.9817058302014895
K04457.01,79.334347,1.56,164.9,0.9816992898139134
K06209.01,12.7143635,2.2,524.8,0.9813495305460919
K01942.02,2.433703498,1.66,258.3,0.9812996388394621
K03495.01,17.6062701,1.72,146.2,0.981127519222271
K04794.01,24.5041103,1.03,119.5,0.981055990916352
K04854.01,2.63527677,0.76,70.4,0.9810555250247307
K05790.01,178.266978,3.71,1857.0,0.9809165554863936
K07460.01,5.70509519,1.58,283.6,0.9808589974954426
K04666.01,12.4019263,1.49,211.1,0.9807074468629838
K02081.01,6.2141496,4.27,183.4,0.9806463441047477
K01899.02,10.5226374,1.08,68.9,0.9805884857774494
K05104.01,21.1579573,1.63,215.9,0.9804527858602534
K04634.01,4.02745396,0.98,85.2,0.9803350538669874
K02677.01,237.787237,9.91,1627.7,0.9803300366353165
K07991.01,11.9451376,3.32,63.3,0.9802966221127529
K03472.01,10.43003118,1.14,120.0,0.98028399688078
K04060.01,225.26213,2.36,389.2,0.9801285211923229
K01338.03,21.0112068,1.4,163.6,0.9800210516920375
K04792.01,5.75902182,0.91,70.8,0.9799439793954254
K04451.01,8.8303681,1.32,296.2,0.979815462637337
K05475.02,5.68325648,0.97,44.6,0.9798064529124436
K05224.01,171.028691,2.49,394.2,0.9795866665616632
K04464.01,4.373570433,1.23,366.0,0.9794452503854454
K04500.03,14.7510068,1.7,381.1,0.9793858309306054
K04435.01,10.8614163,1.01,64.8,0.9792234248315437
K01574.04,8.9772888,1.79,97.5,0.9791651369693496
K02906.03,21.9424316,1.23,72.7,0.9791525027127147
K02420.02,5.4675514,1.07,87.2,0.9791005837209231
K02295.01,16.2908527,0.52,44.1,0.9790799170642372
K05800.01,11.006795,1.34,146.4,0.9790151173550017
K04341.01,10.778313,1.25,90.7,0.9785816597377803
K06921.01,6.87778029,1.19,124.0,0.9784226148659525
K06783.01,11.8496351,1.31,183.8,0.9783727800558036
K06672.01,2.28494301,1.0,161.8,0.978302562523575
K01246.01,19.03723442,5.74,401.3,0.9782737230898613
K01106.03,13.2298203,1.5,157.8,0.9782088413114254
K05692.01,2.64181261,0.59,70.0,0.9780493763259968
K02739.02,7.0956395,1.2,108.1,0.9780410583652749
K02855.01,1.400755743,1.3,144.4,0.9780120216333622
K02921.01,16.6146221,1.49,361.2,0.9778822171523022
K04893.01,6.58753699,1.51,232.1,0.9778124958414496
K07435.01,1.36752316,0.82,61.0,0.9777386924238389
K04694.01,19.2527652,1.24,138.5,0.9777097519625645
K04815.01,18.3721835,1.12,152.5,0.9776899365079698
K02512.01,15.92108138,3.14,716.8,0.9776883410135538
K00611.01,3.251659087,9.83,4747.9,0.9775066322119026
K05628.01,24.9093027,1.32,332.6,0.9774761804349377
K03259.01,72.9332762,2.45,770.4,0.9774538360234923
K01477.01,169.4976085,9.06,12192.0,0.9773845367880509
K00994.01,4.2989201,2.12,237.6,0.9773404440688205
K02712.01,7.50790041,1.77,145.0,0.9772743303502532
K07795.01,5.44085762,0.97,137.5,0.9772697796616999
K03358.01,10.10404351,4.05,1322.4,0.9771648057423444
K01708.01,32.7737631,5.0,564.5,0.9771029523966096
K04850.01,3.04185157,0.71,69.0,0.9770979457785901
K06934.01,22.2548897,2.16,83.8,0.9769825726076251
K07339.01,10.6982275,1.73,246.0,0.976800950355073
K04246.02,8.75630628,1.12,81.9,0.9763793822821196
K01522.02,12.654896,1.02,100.6,0.9761397895628974
K07970.01,1.98514635,1.28,233.4,0.9760635147749572
K02962.01,2.17291055,0.93,76.4,0.9759595629167593
K04590.01,9.54060855,1.75,462.0,0.9759318324375624
K07774.01,6.32589574,1.14,192.5,0.9758178493684542
K06960.01,4.88698386,1.2,125.4,0.9758038837892163
K02585.03,7.87845756,0.78,44.1,0.9756395918510412
K02523.02,2.61090223,1.8,222.5,0.9755643112941395
K07976.01,5.82561701,1.21,142.8,0.9754874573393593
K03815.01,4.7425521,7.27,3583.0,0.9753886702238602
K03991.01,1.570592397,1.37,214.4,0.9753758380641699
K06399.01,6.76890076,1.24,123.1,0.9750607464800004
K01015.03,16.9972894,3.14,225.0,0.9749693292107099
K06368.01,9.4588054,1.78,270.0,0.9749570575017682
K03089.01,0.858546796,0.88,106.1,0.9749065617189929
K04657.02,10.4314847,0.77,59.1,0.9747339988384645
K02439.02,7.5017934,1.32,134.8,0.9746042770191129
K04837.01,5.38613715,0.86,169.3,0.9745598004239503
K06579.01,2.6528082,1.17,153.1,0.9744385566074956
K02722.05,16.5340022,1.17,89.2,0.9744184165704801
K04799.01,12.0729757,1.69,99.5,0.9743725354678978
K00683.01,278.1243979,5.86,2297.8,0.9741387514071064
K04482.01,5.38299284,0.78,35.1,0.9740507587387557
K04715.01,53.285584,1.44,158.6,0.9738185486577663
K07762.01,8.5073512,1.38,209.5,0.973726653350175
K04906.01,4.8608059,1.21,252.1,0.973695752969745
K03878.02,15.3573445,1.42,117.1,0.9735960804622761
K06145.03,7.3138454,2.73,247.7,0.9735016913325114
K04597.01,4.82025124,0.78,94.1,0.9732611043004933
K06731.01,3.84615171,1.14,137.1,0.9732423387251623
K03077.02,7.55842923,1.46,361.1,0.9730158428474287
K03065.01,0.896382269,1.0,136.4,0.9728044185507493
K06557.01,6.63448023,1.04,71.2,0.9727768691117086
K00005.01,4.780327581,7.14,960.8,0.9727551241893228
K04776.01,7.5861587,1.07,116.8,0.9726157866028686
K03367.01,25.3736543,1.88,372.9,0.9725755795987897
K04524.02,4.52628739,1.02,99.6,0.9725345253583894
K02859.04,2.90512019,0.57,61.2,0.9723515688483034
K07479.01,7.1969168,1.1,47.1,0.972307332080746
K03508.01,190.800788,1.67,287.6,0.9722862619542622
K06680.01,5.52507406,0.8,61.5,0.9722833230738257
K07007.01,0.800263219,0.77,170.5,0.9722735941559173
K05278.01,281.5921577,7.22,9312.0,0.9721636111164859
K00266.02,47.7439509,1.74,96.9,0.9721533751990279
K04389.01,16.3368863,1.27,225.9,0.9720636968964741
K01431.01,345.1589354,7.79,5087.9,0.9719579909169479
K04691.01,3.3879165,1.09,78.6,0.9717965504267124
K06983.01,7.7021729,0.85,74.6,0.9717642613568341
K07434.01,5.704593,0.95,129.9,0.9716558322718061
K06892.01,17.5806026,1.87,138.8,0.9715258577105341
K02209.02,35.502865,2.18,115.9,0.971256755965779
K06617.01,8.0018897,0.9,102.7,0.9712078267853091
K05762.01,12.63063129,1.37,300.8,0.9709990319004931
K03495.02,6.685438,1.25,89.2,0.9707713766756397
K06259.01,4.78113942,1.14,105.8,0.9707232748525086
K04904.01,3.5944891,0.98,89.9,0.9707148289768077
K06931.01,2.54031121,1.2,173.3,0.9704612954352754
K05040.01,29.6094263,2.87,224.9,0.9703451347884156
K00430.02,9.340538,0.84,200.8,0.9701986422359203
K03112.01,2.118893997,1.41,311.4,0.9700466682976249
K04548.01,61.083322,1.61,227.5,0.9698044258393579
K02859.03,4.28886792,0.57,59.3,0.9696345621931837
K04287.02,9.6183111,0.85,25.0,0.9694683849337767
K03437.02,34.7496038,3.51,227.1,0.9693450707449962
K00255.02,13.6032081,0.75,180.5,0.9693197808846628
K02248.04,2.64622742,0.99,155.5,0.9691198922428017
K01843.02,6.35585682,0.86,176.6,0.9687904346950882
K00647.02,8.1134681,0.92,40.5,0.9686038050078891
K04575.01,201.325036,1.98,125.4,0.9685090202488285
K04938.01,55.180772,2.37,474.6,0.9684321345609823
K02199.02,3.05293416,1.18,227.5,0.9684002557846982
K07327.01,17.9908273,1.88,660.0,0.9683155394025498
K04260.04,84.799829,1.16,56.1,0.9679674896336615
K02797.01,0.868122253,1.65,231.3,0.9679457845935783
K04296.01,2.49385348,0.59,46.9,0.9678606229523209
K01127.03,2.83668931,1.19,166.1,0.9677879353901416
K03496.02,8.5433774,1.58,75.1,0.9677424432350301
K02357.02,15.9042402,3.79,444.8,0.9669265940451682
K04577.02,3.07365139,0.79,90.5,0.9668807326063399
K01839.02,80.4103783,4.93,591.4,0.9663555429142235
K07162.01,5.1581317,2.02,37.9,0.966340799784749
K06980.01,6.29340543,1.08,96.4,0.966192480080306
K04651.01,1.19260017,0.77,58.0,0.9659608438210981
K06994.01,4.25907841,0.7,28.1,0.9659444652539511
K01427.02,4.88446644,0.84,221.0,0.9658847568803807
K04136.02,4.03357434,1.23,66.2,0.9658080241207915
K07471.01,5.29655591,1.3,135.4,0.9656254249385747
K02959.01,16.1558656,2.04,731.3,0.9654441983602035
K04764.01,31.4202111,1.45,390.5,0.9653072560387068
K07687.01,23.266633,2.66,49.9,0.9652062396866244
K05929.01,466.002988,4.92,2363.6,0.965206058860324
K07197.01,1.74145041,1.46,370.6,0.9651462771581673
K00605.02,5.06546874,0.62,121.1,0.9650854745988605
K01466.01,281.5628889,10.83,21012.0,0.9650805369831036
K00593.04,240.192808,2.68,605.8,0.9650642572662389
K03068.02,6.65171459,0.84,151.5,0.9649821874416556
K04301.02,6.31915999,1.04,34.4,0.9648558314595876
K04849.01,3.19938075,0.62,76.1,0.9648524048642632
K07681.01,6.05552018,0.92,134.6,0.9645974195332482
K07232.01,1.96682825,1.18,214.3,0.9645411543708214
K07088.01,2.68814059,0.92,145.2,0.9644337098367203
K04735.01,2.87998334,0.85,116.5,0.9643490134452607
K05855.01,217.792748,6.15,1487.0,0.964157749401031
K07279.01,11.7728146,0.93,77.1,0.964009040285977
K07125.01,7.918267,0.93,83.7,0.9639892401066583
K07834.01,7.3812344,1.0,104.5,0.9639819242803234
K02163.03,28.2251049,1.59,201.3,0.9639813497102239
K05249.01,19.4534296,1.25,149.0,0.9638957490156984
K06878.01,2.405625303,1.11,163.5,0.9635778599149982
K04523.01,5.68251605,1.03,81.2,0.963458328830737
K06342.01,8.1770751,0.83,44.3,0.9633175349744016
K04780.01,6.60180003,1.25,213.4,0.9631471050316522
K01239.02,3.17405898,2.09,282.2,0.9628774419488036
K02018.02,16.0988294,1.14,160.2,0.9627011452826768
K03500.02,4.7482669,1.57,35.6,0.9626118729929795
K04885.01,9.33955596,2.67,245.1,0.9625353667532001
K05842.01,57.7749373,1.85,283.6,0.9622317890212125
K07704.01,5.4398033,1.0,85.5,0.9621433437900616
K03224.01,3.43861067,1.01,46.8,0.9620574778376202
K01480.02,7.00447892,1.19,231.4,0.9620139230082936
K01964.01,2.229326354,0.6,49.1,0.961938626442959
K05007.02,80.881757,2.27,142.7,0.9619293819592624
K04810.01,115.238544,3.17,516.7,0.9618978230782661
K01083.02,4.57797412,0.96,125.4,0.9618648931828815
K08054.01,43.9088053,7.33,297.8,0.9617552642062435
K04288.04,13.9509565,0.75,35.7,0.9613383030605314
K04663.01,5.65690281,0.74,32.2,0.961158472552594
K04421.01,4.72693131,0.61,26.2,0.9611056147695363
K04895.01,12.460565,1.1,143.9,0.9610739756365918
K01793.01,3.261759866,8.01,3876.1,0.9609515752207983
K03348.02,17.7189786,1.44,176.8,0.9609502934191352
K03343.01,83.2664103,2.89,620.0,0.9609352589193376
K05901.01,61.611129,1.29,82.9,0.9607248346186326
K00868.01,235.9986399,10.59,20714.6,0.9603281880320771
K08055.01,4.40660737,0.86,70.7,0.9602412732805716
K05512.01,8.5852872,3.02,1406.0,0.9601207230514475
K04797.01,9.97202023,1.26,329.7,0.9598173022574387
K04603.01,15.9513866,1.17,99.2,0.9596755321973228
K01404.02,18.9060921,0.87,375.6,0.9594721055341981
K02871.04,7.9788198,0.99,83.8,0.9594441495598994
K04643.01,5.59346375,1.43,236.5,0.9594325599807085
K04443.01,5.67577999,1.22,51.2,0.959150698531212
K05632.01,264.466625,2.61,437.3,0.9590733023006033
K04834.01,3.74099144,1.85,34.3,0.9590638600398371
K05833.01,440.171272,5.97,783.5,0.9589160739291704
K00064.01,1.951082219,10.35,1151.8,0.9589043342079682
K06353.01,10.0714369,1.98,49.5,0.9586789513747614
K01519.02,57.132855,1.81,414.1,0.9586020265572328
K06120.01,90.097375,1.7,282.6,0.9585827410321897
K02828.02,505.462916,3.46,1724.0,0.9585216611870383
K07773.01,2.69339974,1.04,147.5,0.9584631426187552
K05288.01,29.5632952,1.9,532.8,0.95842240361619
K02052.01,4.22464216,4.31,987.0,0.9584193594857654
K07003.01,2.41194057,1.35,67.3,0.9582971473622088
K06978.01,3.07551068,0.84,46.1,0.9580164205582329
K06352.01,5.11683678,1.16,161.4,0.9580152285598139
K05552.01,295.958914,2.1,464.1,0.9579226704253287
K08043.01,10.7781558,1.24,121.3,0.9578580688616645
K04857.01,4.11497357,1.17,154.1,0.9577309922250995
K04957.02,4.98792404,0.73,346.2,0.9575865564470454
K06532.01,0.813998812,1.36,183.4,0.9575214540281055
K01996.02,7.07394528,0.84,228.3,0.9574077752165226
K07835.01,3.76565247,0.87,92.4,0.9573118373421556
K04504.01,4.13029832,1.44,325.3,0.9572742643498373
K07345.01,377.501257,2.16,541.4,0.9572197295005636
K07644.01,3.39904814,0.81,69.6,0.9571080037111693
K08053.01,9.9105786,1.19,99.5,0.956975574358525
K04587.01,6.36283414,1.12,159.4,0.9566264426571375
K04577.01,105.997107,1.83,430.8,0.9565610468876035
K04861.01,29.1206519,1.6,415.5,0.9564309826109016
K06217.01,7.7016694,4.44,155.7,0.956230359570982
K03801.01,288.3128666,13.21,11181.0,0.9560236080312731
K02750.01,174.636181,11.12,2500.9,0.9558649753295568
K05597.01,7.77710639,0.73,77.4,0.9554117834711298
K07587.01,366.088938,2.57,537.9,0.9551410373073335
K05117.01,33.3726538,1.95,618.4,0.955071923974801
K04235.01,66.6434565,2.99,277.3,0.9548427295606297
K02925.01,0.716531851,1.11,78.9,0.9545452541890745
K00521.02,10.8206034,1.19,116.7,0.9543795118327639
K02612.02,7.57299816,0.53,30.2,0.9542844569869056
K06164.01,29.5126153,1.84,188.2,0.9540669615518282
K02639.01,25.1123362,2.22,398.8,0.9540292032987819
K07489.01,0.565713361,0.81,86.4,0.9538828900257766
K08052.01,7.8687123,1.73,89.1,0.953748186945835
K07376.01,1.284241817,1.18,166.5,0.953493530417793
K03473.01,27.63714708,6.96,735.5,0.9534233813073437
K07291.01,25.9136674,3.37,109.7,0.953059611842924
K04820.01,14.7401061,1.48,238.0,0.9530279922712712
K07032.01,3.64049242,0.61,42.1,0.9530119096658289
K06750.01,5.21395046,1.24,78.5,0.9529279044224366
K02590.02,22.7909233,1.38,53.6,0.9529172693235487
K04622.02,4.50158249,0.73,175.7,0.9526263722250182
K04713.01,8.7963166,1.36,96.5,0.952612921815414
K03226.02,6.93650854,1.51,88.7,0.9525669728367964
K03462.01,12.4326997,1.88,240.3,0.9525577487002472
K07445.01,6.933574,1.3,276.7,0.9521994311399252
K04602.01,2.85855049,1.23,85.4,0.9521483612599212
K04656.01,3.8183717,1.39,50.8,0.9520704856811968
K07041.01,8.3613732,0.79,104.7,0.9519583878439051
K08026.01,7.7529342,0.93,72.1,0.9519211314475423
K02949.02,3.75030469,0.87,35.5,0.9517053603300437
K04655.01,17.543847,1.15,196.3,0.9516505572937564
K04657.01,7.57600886,0.54,49.0,0.9516403328805205
K03225.01,4.8754765,0.8,39.6,0.9516129448268685
K04363.01,18.22211768,7.45,2318.0,0.9514058832665103
K02103.02,3.66520844,0.82,65.8,0.9513767877900764
K07924.01,0.770658979,0.68,83.5,0.9512553515734783
K02924.02,8.85686712,1.88,319.2,0.9511987787135007
K01627.03,3.80675878,2.75,231.9,0.9511715047895432
K03263.01,76.87935893,7.71,21272.0,0.9509765060102007
K04212.02,10.0989634,1.03,57.0,0.9509763123384365
K07320.01,8.50207749,0.75,117.3,0.9507146839388234
K04361.01,75.8781344,3.39,1054.0,0.9499840547872314
K08076.01,71.10684,1.42,128.4,0.9498631158632863
K07215.01,3.90735046,0.83,109.3,0.9497610975743199
K05909.01,7.07987663,1.36,309.8,0.9496939049305303
K03184.03,4.02018903,0.6,18.5,0.9495727982127757
K04399.01,42.1003351,1.42,214.0,0.9493894461077578
K02666.01,64.034363,3.47,758.8,0.9492099167695621
K05433.01,237.819002,2.55,614.2,0.9491080357862856
K04274.01,1.97507424,1.08,130.5,0.9490220641080112
K04496.01,96.384483,2.41,591.0,0.9489745787401205
K07796.01,3.52364689,0.94,74.2,0.9489505150078408
K03209.02,6.77067637,1.9,65.8,0.9489159582911858
K07506.01,11.8436119,1.41,199.3,0.9487390892289739
K02564.02,17.6637979,2.98,67.9,0.9486288562118987
K03462.02,30.9902997,2.21,321.5,0.9480075381624415
K07678.01,13.0914878,0.79,37.5,0.9479804040045656
K04686.01,11.8299383,1.6,41.4,0.947956370641801
K06191.02,12.7713826,1.26,141.8,0.9477949326801324
K07378.02,56.391062,3.58,2042.0,0.9477098598596727
K05677.01,20.5142642,1.14,153.2,0.9475726083873792
K05297.01,8.0906952,0.8,82.4,0.9474516699683143
K06546.01,3.39401963,1.03,98.4,0.9473208983993506
K02243.03,31.4452709,4.55,531.1,0.947122698786063
K06993.01,13.8086331,1.09,207.1,0.9470453878356582
K06687.01,1.002591901,0.87,143.2,0.9469646777297966
K08039.01,43.9438891,1.12,154.8,0.9469428916628277
K05418.01,14.2673439,1.21,217.5,0.9469082569887705
K07252.01,10.2170589,1.17,121.3,0.9468699065572596
K02563.02,6.2614227,0.81,51.4,0.9467018106759267
K02593.02,9.5539134,0.68,26.8,0.946666567157925
K07928.01,1.12625975,,,0.9466378167180042
K04367.01,170.995748,4.9,477.1,0.946532173033316
K07641.01,3.79437277,1.36,83.2,0.946497042521177
K04749.01,1.97650073,0.97,112.5,0.9460145850162331
K07116.01,2.52557582,0.62,35.4,0.9454111593510025
K05732.01,39.399926,1.52,341.4,0.9452848088387005
K04716.01,5.8943338,0.61,28.9,0.945266784630792
K04103.02,14.2378417,1.1,193.0,0.9452353702331012
K02370.01,78.7327023,7.76,495.8,0.9444633022940563
K01613.02,94.094392,0.9,46.6,0.9443649015323934
K06970.01,40.7698541,1.87,239.8,0.9441642726792551
K03083.02,6.2321233,0.61,31.7,0.9441398935478058
K07427.01,7.8935324,0.78,47.6,0.944086889300343
K02607.01,0.754457729,2.07,248.2,0.9440513500875518
K01268.01,268.9410974,13.57,9010.2,0.9439158906405375
K06954.01,6.613671,0.91,32.8,0.943751888062696
K04823.01,4.96504981,1.51,50.7,0.9434126579342469
K00566.03,42.068554,1.32,186.3,0.9432985605206172
K06267.01,13.8911152,1.12,204.9,0.9431292895936233
K02906.02,145.881936,1.8,156.9,0.9429983688258202
K07679.01,1.8679943,0.7,73.4,0.9429969855443164
K00238.03,362.97828,1.96,260.6,0.9429664276729216
K06329.01,12.4701111,2.06,89.7,0.9428261640565136
K04146.02,2.5738437,0.57,46.6,0.9428159930131947
K02851.02,1.23935745,1.5,150.9,0.9425957502692641
K05071.01,180.4118581,8.86,4268.0,0.9425472619395708
K07426.01,6.96197304,0.97,151.3,0.9423075923479952
K03196.01,4.96061094,0.59,20.4,0.9420333018511303
K04859.01,7.5019743,1.19,248.0,0.941921549240465
K04377.01,19.8751355,2.49,109.0,0.9417578917106953
K07635.01,60.458443,1.59,175.2,0.941652641982424
K06890.01,2.15888911,0.72,102.4,0.9415254489713175
K06274.01,18.1772927,1.5,213.1,0.941400485692171
K06849.01,12.54474243,1.88,263.1,0.9412960873884388
K00684.01,4.034914368,6.95,800.1,0.9411946748599496
K07978.01,7.2681817,1.66,46.7,0.9404447182926639
K04021.02,4.93211932,1.02,50.5,0.9403104531893274
K07404.01,1.817079849,1.39,204.6,0.9402381267568819
K01242.01,99.6442783,8.48,3215.6,0.9399072468837922
K04637.01,4.37992345,0.81,15.5,0.9398660831728828
K05688.01,14.5555096,2.03,725.0,0.9398637849924887
K07648.01,1.183505016,0.8,116.6,0.9398343745886992
K07850.01,66.119119,3.0,862.0,0.9397257892217895
K05515.01,6.263491873,6.46,2829.0,0.9396953918289798
K03019.02,2.012094,0.99,74.8,0.9395607604650767
K04804.01,21.08678557,2.08,499.6,0.9393846228712628
K00566.02,14.1573717,1.1,130.0,0.9391671992328868
K04009.02,77.792718,2.17,287.9,0.9390226506180244
K04852.01,1.89873195,0.93,78.0,0.9387686708695382
K04136.01,2.41750021,1.19,58.2,0.9384943601182674
K05169.01,21.3684341,1.72,492.8,0.9383221311022018
K07220.01,1.057080807,0.97,60.6,0.9382221612949945
K07272.01,14.1011023,1.26,108.2,0.9380490436743996
K04999.01,65.752109,2.0,382.5,0.9380167888334263
K03811.01,290.1401717,11.58,4836.0,0.937822927184706
K07133.01,82.78482,2.16,190.4,0.9378102739111822
K02421.01,2.27050106,0.55,106.7,0.9376430567238394
K07209.01,8.2553499,3.28,54.5,0.9376231398034639
K07144.01,0.839907158,0.92,119.6,0.9374577098585545
K02796.01,0.5374094,0.96,94.2,0.9372883848398904
K05310.01,22.2903562,1.13,130.4,0.9372773667238194
K04581.01,6.0059966,0.73,39.2,0.9371242888352536
K02369.03,7.2274321,1.28,173.3,0.9368690864421506
K02288.01,38.103908,4.08,961.1,0.9368505171946013
K02519.01,4.790912471,2.25,360.7,0.9363547084675239
K06375.01,2.90805147,0.97,103.1,0.9360688324299367
K02324.01,1.204686597,1.55,233.2,0.9358359777908686
K04421.02,6.5595368,0.62,26.3,0.9344160253143946
K04385.03,17.3695112,1.45,314.0,0.9344124588682371
K03236.01,7.13044117,1.18,31.9,0.9343581776728799
K07905.01,7.4751841,0.85,28.1,0.934300437545607
K02174.04,3.01609637,0.96,196.3,0.93387262958008
K04519.01,148.568877,5.97,404.4,0.9337005472798345
K06299.01,0.947554749,0.67,65.4,0.9335792378106563
K01622.01,69.8347983,3.51,266.6,0.933450708551163
K05964.01,32.033211,0.85,71.3,0.9334268402737672
K07182.01,6.853888,1.74,653.8,0.9332426009710808
K05440.01,74.624063,1.75,346.9,0.9332037425157506
K06777.01,13.4450174,1.08,196.2,0.933161389134635
K04541.02,17.236085,1.98,330.0,0.9327367664140763
K05917.01,41.9934673,1.56,293.7,0.9325639141383696
K03480.01,11.9378354,1.15,246.0,0.932461724885519
K04504.02,8.119343,1.5,350.4,0.9321956629394557
K04771.01,142.703888,1.95,225.5,0.9321787218526164
K02184.02,95.906433,2.17,836.2,0.9321441728504299
K05459.01,53.554546,3.1,127.6,0.9319700107300655
K04846.02,32.526674,1.26,204.9,0.931923677584334
K05874.01,287.33114,2.07,406.7,0.9315597033172598
K01499.02,0.840594032,0.62,49.8,0.9315302001271554
K07764.01,227.83457,2.83,155.3,0.931370678022166
K04325.01,0.609926502,1.12,133.8,0.9310117022302531
K04775.01,16.4491515,2.75,70.9,0.9306112829824525
K04896.01,19.5945772,1.18,129.3,0.9303936441380489
K04192.02,32.0273169,1.14,161.7,0.930175638506048
K02029.04,4.78850084,0.63,66.5,0.9301347277337555
K06907.01,4.60687717,1.14,258.7,0.9297950732418411
K06776.01,28.655498,1.45,173.6,0.9296807695954716
K05331.01,31.5034587,1.17,210.6,0.929435378362395
K06191.01,9.7043379,1.19,129.0,0.9293863704917413
K00548.02,6.0799457,0.86,55.1,0.9290464940532702
K07630.01,16.2982201,0.78,199.0,0.928998951801257
K04383.02,2.58393841,0.77,49.4,0.9287148057177592
K02623.02,4.02664625,0.68,30.0,0.928679724649518
K02696.02,44.5643831,5.8,360.5,0.9285910991190347
K06301.01,50.271927,2.94,574.5,0.9285623411434294
K06276.01,3.09872834,0.64,248.0,0.928253854954632
K04907.01,4.04481159,0.67,33.0,0.9278018846413641
K02696.01,96.4562198,9.1,950.5,0.9277858853483157
K00735.01,22.34213536,5.19,2264.4,0.9277088444822194
K06209.02,7.72966941,2.1,426.7,0.9276061130082117
K07925.01,4.6318914,0.64,50.9,0.9271291873117214
K07712.01,4.8302364,1.06,22.5,0.9269573749323873
K07875.01,21.9711574,1.32,178.1,0.9266525209855019
K01193.01,119.0624882,10.4,5372.3,0.926593054155417
K04839.01,21.8420304,2.01,79.5,0.926107663817066
K07849.01,5.0263815,0.84,77.2,0.926062432517344
K01547.01,30.69395532,13.72,18121.0,0.9260193491734613
K05321.01,215.634356,1.92,148.0,0.925951094496631
K07236.01,14.461834,1.05,80.2,0.9259438250536628
K04692.02,7.6720844,0.72,75.1,0.9255246949602948
K04395.01,1.920062587,1.12,226.8,0.9255088600178425
K04487.01,3.48754109,0.72,85.1,0.924670184563757
K05207.01,18.9828305,0.72,49.1,0.9244091945414535
K05279.01,103.722152,1.95,296.9,0.9242869281688721
K05332.01,22.2381062,1.09,104.2,0.9238044215321882
K08035.01,29.4856392,1.46,105.0,0.9237173735482893
K02421.02,4.02321842,0.48,81.2,0.9237140373517211
K05845.01,22.2659599,1.18,61.3,0.9236472917389406
K03091.02,7.9069765,1.13,126.1,0.92328754360439
K07833.01,172.820248,2.22,549.3,0.9224850785560597
K07270.01,19.2532128,1.42,219.3,0.9222932621579092
K08276.01,385.858683,3.23,548.4,0.922238493296301
K04826.01,1.141148847,1.67,73.1,0.9221118818381487
K04896.02,49.537365,1.48,201.7,0.9219073952630197
K04554.01,8.0772455,2.61,79.2,0.9218117711836352
K04580.01,6.30432354,1.23,40.0,0.921809946195692
K07668.01,2.5093344,1.47,184.3,0.9218029167760012
K04773.02,11.1438086,0.75,41.7,0.9213416635269194
K06568.01,6.27651592,0.65,166.0,0.9210160246506166
K04667.01,152.823896,2.45,456.2,0.9208762540023782
K08280.01,66.67305,2.64,472.1,0.9208248705928711
K02683.01,126.4451275,4.49,3252.5,0.9206421078209801
K04251.01,6.23968392,1.55,155.9,0.9205782874016412
K07951.01,0.862329309,1.09,140.9,0.9201291476113628
K05761.01,6.13292733,1.56,58.7,0.9200766698007347
K03344.03,208.54335,2.84,614.6,0.9200159432821812
K06666.01,1.118510435,0.75,72.7,0.9192049223298038
K06582.01,2.43135542,1.07,123.6,0.9189373698375856
K07940.01,188.881049,1.86,325.8,0.918930341366242
K00554.01,3.65849707,14.61,4398.0,0.9187253109559147
K08011.01,0.93420696,,,0.9187186287826817
K03083.03,8.2942929,0.65,36.8,0.918400599514589
K02449.02,0.912351255,1.46,111.8,0.9183532858017459
K03416.01,11.8237228,1.25,212.7,0.9183277809077303
K04178.01,7.016016,1.72,169.0,0.9182784877913577
K04750.01,36.721576,1.93,538.2,0.9169583465121285
K02263.03,15.5943758,1.08,95.4,0.916684741879756
K05211.01,3.5645249,0.6,53.9,0.9164291492600887
K04892.01,21.3761817,1.08,104.0,0.916365226667591
K07359.01,4.237447181,2.26,350.1,0.9155937045404234
K07361.01,0.92623983,1.16,411.4,0.9154996527818622
K02700.01,0.910020582,1.12,358.1,0.9154981332882447
K00802.01,19.620346923,13.6,21724.6,0.9149317683170436
K06689.01,3.37116682,0.98,71.4,0.9144632445038735
K02321.02,36.2530992,1.43,152.1,0.9141505417436349
K07148.01,1.7613778,2.32,359.3,0.9133787247567168
K07023.01,2.71772323,0.72,70.3,0.9126477833979358
K08082.01,8.2766028,2.48,73.1,0.9124873373127802
K04838.01,13.2965044,0.88,133.4,0.9120739240007255
K06739.01,19.164111,1.11,215.9,0.9117805622902043
K00716.01,26.89316101,6.78,2193.2,0.9116183989009738
K07157.01,23.9830523,1.17,83.2,0.9115453277226128
K04545.01,0.849362238,0.85,114.9,0.9113959634530173
K07990.01,87.487573,1.87,528.7,0.9111800926991653
K02874.01,0.352515897,1.0,168.2,0.9104792722452144
K05974.01,4.76815507,0.49,61.0,0.9100020010549005
K04563.01,54.333582,1.7,152.0,0.9099218948868146
K04388.02,61.858947,2.47,70.8,0.909844051925011
K07169.01,10.5113779,0.72,29.9,0.9090566624235545
K02807.01,3.375716723,2.34,175.7,0.9080909310226624
K07636.01,0.702739679,0.73,65.1,0.9071452025650024
K06786.01,455.62395,3.0,1112.1,0.9070896805986257
K05895.01,11.8307724,1.16,136.0,0.9066636893877702
K06293.01,5.88836941,1.21,119.9,0.9061916218990751
K05411.01,11.1734401,1.4,61.3,0.906097738025133
K01920.02,10.1384691,0.74,92.8,0.9060616270405186
K07676.01,5.3694084,0.62,40.0,0.9055170236078771
K07693.01,6.41097179,1.4,233.5,0.9049672690985711
K04405.01,8.9172863,1.39,196.3,0.9046966653499553
K07258.01,2.4376438,0.79,27.1,0.9044407366861862
K04209.01,9.9092109,2.35,942.0,0.9040324353928578
K03486.01,19.0689513,1.63,169.3,0.9027984272227633
K00649.02,10.2090268,0.92,36.7,0.9026617421130315
K08159.02,353.01861,2.25,375.1,0.902615435282094
K01303.01,34.2966363,3.29,696.6,0.9019099039575127
K07223.01,317.062416,1.59,442.9,0.9013478411222686
K03430.01,13.9248005,0.9,195.2,0.9012533329538809
K04875.01,0.912179022,0.65,144.6,0.9012308095045097
K05341.01,15.18575582,2.26,256.7,0.9011909280374382
K04818.01,3.79892774,1.46,47.0,0.8998532613318747
K03444.03,2.63595435,0.5,93.7,0.8993760617702138
K04109.01,0.655939788,1.48,73.0,0.8993273722910442
K07934.01,22.6432436,2.12,550.4,0.8991036730485141
K01815.02,1.74610057,1.24,54.2,0.8987472376080404
K08068.01,9.4640413,1.28,209.9,0.8983699691988271
K06752.01,8.9429645,0.89,233.5,0.8982545970744757
K07780.01,5.3360574,1.52,54.7,0.897916595723053
K07069.01,1.01485981,1.61,243.0,0.896453283255528
K04152.01,64.1862264,8.0,507.3,0.8962512244178001
K07685.02,33.502923,1.08,70.9,0.8958948431650862
K04298.01,2.89494709,1.16,45.8,0.895809215040717
K04145.01,3.25424652,0.96,82.1,0.8957903171630753
K07354.01,43.2675604,1.61,69.1,0.895265687713538
K08157.01,0.58730021,,,0.8950257827581658
K05088.01,49.1782244,1.79,449.0,0.8945331447656675
K04844.01,0.428046051,0.87,126.0,0.894530313326445
K04605.01,7.7859111,0.68,45.5,0.8942489123480419
K07685.01,64.740274,1.35,113.1,0.8936842224902374
K06093.02,27.2497521,4.49,102.0,0.8922149074870994
K00787.03,0.589376952,0.93,80.7,0.8917513072785761
K04871.01,4.08197713,0.6,26.2,0.8915507819417011
K03104.01,1.236866732,1.75,187.2,0.8912082274487364
K03398.03,4.32710579,3.58,84.1,0.8907282285010556
K01118.01,7.37290344,2.67,205.2,0.889994929021034
K05940.01,24.7967294,3.14,970.5,0.8894453697128131
K07670.01,8.4795266,1.18,163.3,0.8886886028430929
K04699.01,3.07714195,1.08,34.2,0.8883565429697362
K06641.01,1.400903699,1.16,136.5,0.888256527237579
K04853.01,17.7412303,1.14,144.7,0.8877610040891326
K03197.01,22.599501,0.96,76.9,0.8869809484129472
K03426.01,58.7701045,1.57,224.4,0.886786518228761
K05336.01,265.741374,3.24,273.4,0.8866986765506014
K04144.01,0.487656278,0.99,109.8,0.8856081292384155
K07846.01,10.5994606,1.28,128.8,0.8854671784569919
K02569.01,8.28157072,1.37,139.2,0.8854564227205901
K04838.03,24.0721647,1.1,177.3,0.8853311795598141
K07894.01,347.97611,1.62,341.3,0.8846521873612126
K04591.01,1.80926734,0.89,98.0,0.8842370829077129
K04730.01,9.07829171,3.69,530.9,0.8841666558174167
K07744.01,11.7201693,1.34,154.4,0.884123930728178
K07711.01,302.779824,1.31,270.9,0.8840508531362574
K01670.01,10.57910009,2.03,329.3,0.8833756485448901
K07842.01,3.11141514,0.7,28.4,0.8827766774624558
K08270.01,338.00692,2.09,544.3,0.8826492130191993
K04157.02,5.215752,0.83,46.8,0.8825823885408547
K03105.01,4.21223579,1.04,116.4,0.8823489756867186
K07708.01,6.70242786,1.82,65.3,0.8817361857134371
K07859.01,0.306702491,0.93,138.8,0.8792926447471423
K08232.01,189.183958,3.31,1014.0,0.8791572177016658
K07818.01,2.52443998,1.53,45.8,0.8791263433639543
K03370.01,24.352541,1.52,349.1,0.8786063717006598
K07437.01,1.9997244,0.84,85.1,0.8785045960200581
K04773.01,8.8493948,0.82,43.8,0.8776416107149927
K02004.03,1.72110057,0.7,29.7,0.876477919673692
K05928.01,20.69920737,,,0.8763095594801755
K07870.01,92.552007,2.1,282.6,0.8761850285543816
K06763.01,2.44693823,0.56,26.4,0.8760605700644701
K00115.03,3.43591631,0.55,23.2,0.8759130897946424
K04419.01,0.259819659,1.22,231.5,0.8753702754823481
K07746.01,393.95608,2.27,482.2,0.874330048080908
K02404.01,2.10081629,1.65,169.1,0.8733782096635984
K04463.01,36.7614011,1.52,160.9,0.872719383009704
K04967.01,43.581043,1.94,348.7,0.8718762974132579
K04913.01,6.78788113,2.44,73.1,0.8715066699126326
K07843.01,0.619023176,0.79,77.9,0.8706297965921663
K02972.02,42.0292298,2.33,373.7,0.8690291517373496
K07903.01,0.694611128,0.64,98.8,0.8685540073842026
K06263.01,8.60965352,3.33,63.2,0.8654781223439159
K02059.02,2.18565886,0.44,35.6,0.8649935864536856
K07072.01,15.3902613,4.39,76.8,0.8646180696466517
K07998.01,122.11555,2.96,1104.0,0.8645266111653206
K05625.01,116.454312,3.33,2125.3,0.8644225155662855
K00856.01,39.74893077,14.21,15178.9,0.8642429273604535
K06882.01,0.7735301,1.87,185.4,0.8636530078677651
K05149.01,43.681309,1.33,258.0,0.8633699640522657
K00950.01,31.201692472,8.31,34513.7,0.8627265422991256
K07949.01,1.001916708,0.62,70.9,0.8624445533995185
K02719.02,106.25976,1.5,354.0,0.8621077914557128
K07715.01,25.8616058,1.12,123.0,0.8610826385804614
K04700.02,66.47762,1.83,553.5,0.8609804914539256
K08037.01,3.65034525,0.72,253.2,0.8605571664275539
K07520.01,3.14735789,3.45,51.8,0.8595304499586925
K04793.01,5.2736268,0.89,86.1,0.8593686765638046
K07873.01,1.93188768,0.57,37.8,0.8584156415108761
K03053.02,9.4767057,1.38,230.5,0.8577252153648768
K04636.01,122.749053,6.13,1041.2,0.8575377861229379
K05329.01,200.2350497,10.99,10812.1,0.8570585796676407
K08000.01,225.48805,1.7,379.9,0.8563286266767849
K07673.01,80.769893,1.87,128.5,0.8560003911389025
K05482.01,31.707574649,2.96,787.3,0.8553357075946161
K04685.01,0.494247662,1.51,224.9,0.8545121714363884
K02744.02,11.615625,2.84,191.2,0.8537153579072199
K07749.01,133.6348207,1.89,420.9,0.8533898884571056
K04098.01,1.121733366,2.39,84.3,0.8532855111204516
K06746.01,2.564012541,7.27,2551.9,0.8530943571450945
K03429.04,44.433726,1.85,239.6,0.8522456246787858
K05067.01,219.931324,2.3,641.0,0.8504563852667867
K02833.01,1.791877025,1.48,46.1,0.8491402930670134
K05932.01,355.86134,2.79,1220.7,0.8466202751622006
K08223.01,66.716453,2.2,626.0,0.8446936761350997
K08193.01,367.947848,3.72,1301.0,0.8435447669201137
K00883.01,2.688899233,12.04,37491.6,0.8429298598035018
K07706.01,42.049523793,1.19,607.9,0.8425723883621409
K03318.02,25.6970688,3.83,835.0,0.8422164255054762
K06798.01,2.64185268,3.56,149.8,0.8413554580088586
K07882.01,65.415183,1.31,417.1,0.841193816755995
K02050.02,3.17796408,0.74,47.7,0.8381971604814976
K06631.01,2.56271232,0.48,29.4,0.8365536210673176
K08122.01,54.753883835,2.21,442.3,0.8347516983830217
K07662.01,4.72519164,3.98,98.8,0.8335394334203005
K06182.01,19.2405821,1.19,207.4,0.8330781993319131
K05410.01,24.1527864,0.97,78.1,0.8326946814371272
K05651.01,83.499618,1.72,501.0,0.8324925814485894
K02445.01,47.3659328,11.97,757.0,0.8323987430184988
K01681.03,3.53105835,10.61,310.8,0.8310018393152859
K01681.04,21.9139549,10.39,584.4,0.8297826661649756
K04912.01,0.876850385,1.35,59.2,0.8293456715061811
K07923.01,395.13138,0.97,126.4,0.8278094085107582
K01255.01,78.9257421,11.9,17972.0,0.8276895009189648
K05563.01,7.62210397,3.8,146.1,0.8270739556022338
K07938.01,275.5603,2.33,89.4,0.8259501128305615
K04528.01,8.31224474,10.63,70.8,0.8248962127700813
K04582.01,4.22426989,0.35,13.6,0.8234796482516765
K05736.01,161.651504,2.22,253.6,0.8200060155897776
K07776.01,541.92452,3.15,1504.2,0.8186782725989442
K07954.01,372.15035,1.74,457.4,0.8182369191453176
K06971.01,129.222771,2.01,445.3,0.8177821440492488
K04717.01,216.456055,3.61,1002.8,0.8176452358631261
K03384.01,10.54841329,3.89,102.9,0.816162660729217
K04890.01,63.095068,11.67,496.8,0.8160634960891938
K05600.01,17.168095,4.81,143.1,0.8156988625717636
K04567.01,14.74426,8.1,113.6,0.8146668143630859
K02222.01,34.135676,13.98,622.0,0.8145273402756603
K00100.01,9.9664004,16.89,1619.0,0.8138947944210413
K04632.01,40.0691482,13.25,784.1,0.8120517736732437
K00304.02,5.518195,0.46,27.1,0.808770621060929
K01872.01,30.5231459,11.26,2212.3,0.8066455418662897
K07888.01,4.7368156,0.6,35.3,0.8052160292685924
K02169.04,2.19251903,0.37,18.1,0.8034639389422631
K07700.01,631.56889,3.13,789.0,0.8003477234213496
K07628.01,1.8134378,0.69,97.4,0.8001477030669474
K04926.01,69.089357,1.47,475.1,0.7984178101593574
K07863.01,5.2449156,0.52,35.5,0.7970002461411299
K08012.01,34.573718512,0.42,399.0,0.7969142932319138
K08183.01,5.8877038,0.6,39.7,0.7952546801175174
K04498.01,17.1622587,22.42,312.2,0.7944872289830729
K07174.01,1.58487898,0.37,42.9,0.794472560936514
K02678.02,2.2165905,0.48,28.7,0.793723719475236
K02610.02,115.230655,4.02,164.4,0.7899762512036287
K06957.01,1.48062814,0.76,62.5,0.788754044338526
K05846.01,199.064336,6.12,265.0,0.7875438447469102
K04331.01,1.717859841,1.45,66.3,0.7843259880696068
K04357.01,0.681180633,2.97,156.4,0.7838570071615583
K04084.03,8.19619768,1.55,197.4,0.783779434500314
K07301.01,20.9525604,1.19,232.9,0.7831110405161303
K02577.01,18.55581565,20.83,565.9,0.7813318356890284
K02042.01,63.0732241,17.8,671.3,0.7796882406975588
K07645.01,2.00870696,0.55,53.5,0.7795400027419479
K04407.01,1.33807075,0.6,20.2,0.7780349083843164
K04782.02,4.29251656,3.66,249.5,0.7768141264004985
K07432.01,13.1538409,1.03,104.6,0.7753330130342875
K01546.01,0.917568975,11.92,15805.0,0.7739197376554964
K04838.02,6.33342309,7.62,123.3,0.7737870983968688
K02775.01,17.57704569,27.21,670.0,0.771478655105211
K04801.01,82.401274,2.21,430.7,0.765731698790011
K08174.01,295.06066,0.64,72.2,0.7638313830210091
K08047.01,302.34971,1.98,622.3,0.7637643342093122
K02194.03,445.21685,1.37,211.6,0.759875627979863
K00099.01,2190.7010353,3.12,1874.2,0.7549814545233251
K04705.01,1.4733245,1.03,124.0,0.7538573082921207
K07798.01,309.89103,2.15,321.3,0.7503908948839395
K02386.01,16.2707207,28.42,468.0,0.7433608010617551
K05566.01,0.9886684,3.18,126.6,0.7417579315678737
K06331.01,5.8229815,1.36,281.6,0.7391065862297218
K07540.01,21.980467,0.92,96.0,0.7371453396030794
K08007.01,67.176626864,9.66,1689.9,0.7370005275114667
K07093.01,97.991569,1.41,126.8,0.7335571926926142
K07680.01,219.20579,2.66,207.8,0.732352227732007
K07931.01,242.0367,2.11,333.3,0.7302408660958745
K07416.01,37.4646974,0.97,51.6,0.7248809714495486
K00622.01,155.042265,26.44,4880.9,0.7228424548753527
K08107.01,578.88761,1.69,76.8,0.7220479515576048
K07775.01,89.945828,3.46,335.6,0.7190178579149734
K02150.02,44.7055876,72.59,471.8,0.7188828684217043
K02578.01,13.33094869,25.95,725.6,0.7170553038589736
K07358.01,11.3251153,1.26,297.2,0.7169128127019694
K01675.01,14.62399621,21.92,1082.0,0.7153029265639291
K06860.01,0.576732089,0.43,35.4,0.7152165105974905
K03936.01,141.608555,2.98,1263.1,0.7139458986655833
K02604.01,14.43348326,16.25,526.8,0.7102170017741847
K00780.02,7.2406612,19.45,556.4,0.7077035721213469
K05719.01,27.285315,2.19,396.5,0.70433568084194
K02554.01,39.7557642,13.72,621.8,0.70108652760053
K03208.01,2.131660527,0.56,32.2,0.7005994175457286
K00366.01,75.1122132,23.23,3751.5,0.7004550011378176
K02679.01,110.7556272,29.64,8067.0,0.69739319940459
K08063.01,405.35457,2.11,545.6,0.6973002894000471
K07408.01,5.15998178,19.07,412.4,0.697283355044631
K02183.03,150.381954,2.26,396.1,0.6967313607949657
K05943.01,27.2020672,1.87,180.3,0.6947007510845967
K04756.01,5.4169303,8.17,109.5,0.6945960943801853
K03313.01,34.9524256,21.74,677.0,0.6945389566539952
K07920.01,1.04347858,1.09,22.5,0.6940084645645799
K00435.02,934.09418462,7.89,8709.6,0.685868611282389
K07832.01,3.6092231,0.68,52.4,0.6829435380138711
K03119.01,2.184437698,0.94,1546.8,0.6814730803959106
K08238.01,495.662346,2.73,675.7,0.6814104558166831
K03013.01,3.76562031,19.39,232.6,0.6783086784001018
K05965.01,43.3975622,1.69,585.3,0.6780840002494042
K05284.01,389.316341,27.61,2599.8,0.6779634683829809
K02068.01,41.88970036,32.16,1304.4,0.6775762936965785
K07889.01,130.235324,2.44,750.1,0.6765940571548238
K01840.02,9.3888216,20.91,192.7,0.6762225557925402
K06919.01,8.7998722,1.09,270.3,0.6761553550669461
K04007.01,11.4927112,25.01,291.5,0.6749966059095034
K02093.02,2.508116,12.28,188.1,0.6747208969777012
K06733.01,1.28940823,2.48,32.1,0.6737828993089511
K04813.01,9.2294726,0.82,199.3,0.673677074844754
K03433.01,34.08429351,36.05,3746.0,0.6694134847955251
K07793.01,1.99469354,0.46,75.1,0.6691874562095668
K02298.03,2.47240869,0.36,47.5,0.6661936610216302
K01884.01,23.11707222,4.37,2407.5,0.6591624066891193
K03913.01,0.582895412,5.87,587.5,0.6589277469278708
K02364.01,5.24242029,3.86,334.9,0.6560764100054959
K08249.01,309.191789,1.96,122.8,0.6527497292877306
K00227.01,17.65737838,2.45,2155.7,0.6524729278365579
K06093.01,20.5736113,3.86,76.0,0.6519180327904094
K02093.03,0.496069986,10.0,128.8,0.6508219240700174
K04808.01,2.40174996,0.65,254.4,0.6506439135994891
K01174.01,129995.7784,2.99,1474.9,0.6428366257746181
K00331.02,10.52286678,23.26,130.2,0.6422212812650557
K07073.01,279.036565,30.25,395.2,0.6341377027639445
K01421.01,1693.6636225,10.23,9515.3,0.634060191030461
K02758.01,253.374581,19.25,1104.0,0.633075782071781
K00458.01,53.71798494,155.12,3153.5,0.6316009639780191
K03891.01,47.1096306,78.98,752.2,0.6255175126836595
K07986.01,1.73984941,0.72,48.5,0.6224838455120715
K00126.02,0.875197345,0.73,0.0,0.6183376262457768
K02093.01,6.78341325,20.75,501.2,0.6160063474204465
K08077.01,77.177672,1.29,318.6,0.6147644659596349
K08257.01,9.4609418,0.54,47.5,0.606312142622261
K04307.01,160.850075,3.41,428.1,0.606041220718006
K01194.02,14.8623076,1.57,840.0,0.5988659972416153
K01154.01,6.810823723,26.06,14446.8,0.5966973280006753
K02695.01,2.50343279,20.23,1156.0,0.5965964077125994
K02813.01,0.698461304,14.81,134.4,0.5947042389759877
K05654.01,54.6957124,3.28,1096.0,0.5930251734455099
K08085.01,419.2615,1.7,287.8,0.592415658281358
K06705.01,0.9951412,0.22,101.7,0.5914451549460613
K00396.01,14.591504451,36.85,1490.5,0.5900858098999398
K07930.01,377.67241,1.37,514.8,0.5896586981004786
K01860.04,24.8434837,1.58,217.4,0.5809629024752726
K00436.01,199.83920527,21.48,44490.0,0.578099190908826
K05486.01,4.15472242,23.47,2243.0,0.5768069642104414
K02508.01,7.10397925,1.51,370.5,0.5702326310288582
K01208.01,700.00298217,6.43,3245.9,0.5685889877714169
K06103.02,122.8054416,118.62,313.0,0.568141198451328
K03422.01,40.1454757,13.01,310.8,0.5672687495747966
K05388.01,137.396194,3.38,155.4,0.5662598075746703
K08031.01,254.336707,13.97,398.4,0.5661326220607673
K02882.01,75.8580035,2.72,1148.4,0.565327499765056
K01096.01,1500.0,9.8,9592.0,0.56435129222325
K06774.01,17.3816224,26.55,59099.4,0.563615949197067
K08277.01,0.757261281,0.58,36.5,0.5634158915705474
K00682.01,562.1725914,10.9,5877.8,0.5627824152531847
K05276.01,220.720142,2.0,862.5,0.5596806053412265
K08048.01,379.67276,1.33,253.9,0.5588400919968267
K05518.01,558.21886,3.1,1539.4,0.5455850717938994
K04345.01,4.32710895,26.6,108.9,0.5417341526660461
K06194.01,42.294739,140.14,254.2,0.5394474091915259
K05602.01,403.163148,2.49,681.1,0.5376901517498563
K02876.01,5.1952021,1.37,320.8,0.5319814222617953
K08279.01,367.0896,35.3,2092.3,0.5277091057003076
K05287.01,3.98916186,28.1,318.0,0.5275401983646868
K08046.01,384.37706,50.93,1204.9,0.5216675110137047
K05375.01,285.374561,5.94,482.3,0.5216315072187508
K02354.01,1.151244686,40.32,269.6,0.5164416396631757
K07750.01,494.485085,5.03,385.3,0.5093733491423198
K03421.01,40.6511021,1.7,136.4,0.49995017621224397
K00422.01,809.0141881,14.38,16311.3,0.49900993017674417
K04269.02,4.4408541,1.74,33.9,0.4986970378997234
K07953.01,432.96905,1.43,257.9,0.49702772955813845
K05274.01,55.7583803,1.59,132.7,0.4959933562583647
K03444.02,60.32668824,4.98,3146.7,0.4945438674134121
K07791.01,106.18732,231.85,266.1,0.4921231101352705
K02343.01,29.0726293,2.32,439.6,0.49169280493116596
K03787.01,141.73403059,10.3,7736.4,0.4906570004703812
K08156.01,364.98242,3.12,533.0,0.4870532495584331
K03749.01,10.72725536,12.85,56197.0,0.48572578098971564
K02548.01,0.827151296,19.1,272.4,0.4832687963979315
K01168.01,856.672115,3.87,858.1,0.4815051491019474
K00076.01,77.4794704,10.33,1237.0,0.47889293505101194
K07430.01,1.320499473,18.94,204.0,0.4777125912170044
K05915.01,37.6259039,1.81,411.0,0.47467001387727503
K04303.01,200.721168,3.32,822.5,0.4731724761932432
K08033.01,362.13187,2.23,849.0,0.46878440856740494
K07915.01,382.5891,2.15,298.2,0.46711927512270696
K08078.01,0.805941833,29.85,3180.4,0.4643770904396733
K07847.01,399.37587,3.93,552.2,0.46152407298505105
K07099.01,34.0357766,1.05,386.6,0.4599093656748177
K07982.01,376.37989,3.26,1140.0,0.4597837184550939
K05919.01,290.196139,2.35,281.0,0.4595689296930481
K07785.01,433.220461,2.07,725.1,0.45913466403831005
K05267.01,5.1779065,2.93,129.5,0.45859867471306115
K03072.01,24.3367026,1.95,551.1,0.4560077185824693
K07624.01,330.025002,5.92,259.2,0.45346320497072423
K05805.01,525.757041,11.07,830.2,0.44879970321381135
K06464.03,541.742985,3.39,1038.6,0.4351363567845324
K07205.01,2.3518268,39.82,576.6,0.4331517470911477
K04390.01,1.63668262,103.99,921.7,0.4326373469586726
K08221.01,293.38641,1.35,94.9,0.43263356808137
K07319.01,17.1677675,0.97,335.1,0.4273762743329803
K05236.01,550.86514,2.06,346.5,0.42684267834717493
K06664.01,14.7639145,0.93,162.5,0.42663547705963645
K04975.01,47.0628978,4.1,1647.0,0.42662626826022443
K01957.01,1.38680229,29.33,242.3,0.4259420303038334
K07735.01,382.30306,4.05,225.6,0.42561289056956836
K04546.01,0.741768294,72.36,60.3,0.42446336307464566
K06538.01,129.847318,1.45,198.4,0.42369066701906166
K04913.02,8.97377221,2.96,106.5,0.42287491878766775
K08050.01,278.38935,6.81,262.8,0.42200245734132996
K01788.02,369.069345,3.07,945.9,0.4210323029269882
K05875.02,4.2742605,1.88,263.8,0.42060524108724834
K07567.01,608.20572,1.46,554.2,0.4131503377656893
K01032.01,1500.1406772,18.35,4129.9,0.4124114945893044
K06751.01,24.996068,2.4,621.7,0.4113562923345206
K05834.01,37.537859,1.77,269.0,0.4094730788907726
K08111.01,359.33831,2.33,977.9,0.40821539909401316
K08205.01,260.446151,25.39,713.9,0.40527712829265533
K00525.01,11.53029332,3.98,1209.3,0.40481819166996963
K08089.01,141.400279,41.55,790.1,0.3996595941818464
K03061.02,77.915425,1.17,178.8,0.3961101303034677
K05891.01,370.31761,2.98,1885.0,0.39440653926208347
K05359.01,2.7200197,1.53,869.0,0.39296684390459735
K05110.01,105.5904748,8.16,292.4,0.3914814789598967
K07264.01,19.1644498,1.83,63.8,0.3912415693850589
K08259.01,402.27493,1.73,294.5,0.39113453052059416
K05652.01,91.507044,1.43,539.0,0.3910292281589777
K06401.01,1.96134311,41.53,207.8,0.38926274536922395
K01628.03,37.8404232,1.76,232.6,0.38792114526775295
K03444.04,14.1502311,0.74,208.1,0.3840328271852779
K01206.01,422.917678,5.89,1367.7,0.38024485782310413
K00993.03,86.723653,1.43,241.0,0.3794814914784575
K05371.01,33.3037881,1.14,272.4,0.3782420989133011
K05223.01,354.21154,8.41,821.3,0.37569466257362794
K03411.01,26.83771808,12.68,8512.0,0.3746586991394596
K07879.01,128.208643,6.15,212.2,0.37402127114219064
K08217.01,277.25118,5.02,1517.4,0.3738479996575132
K07634.01,80.84069,15.11,9326.0,0.37222903536542434
K06358.01,3.09383248,1.32,373.7,0.3721006633828297
K08241.01,490.63941,7.67,268.8,0.3694690359373178
K03440.02,58.940569,2.48,570.3,0.3683789384234261
K05869.01,114.406187,2.42,1306.0,0.3670534924084812
K08275.01,389.875816,3.76,2134.0,0.36640065979051883
K06409.01,19.9310602,2.42,97.9,0.3658294262754056
K05850.01,303.226376,3.66,1464.0,0.3629713866521204
K03722.01,2.38920105,,,0.35911170001522386
K08286.01,191.03728,3.54,1607.0,0.35881665235559285
K07617.01,12.9284553,0.64,297.9,0.3557766497956425
K08201.01,392.601892,2.25,779.0,0.35575948621349585
K04846.01,19.254536,1.32,186.0,0.3555590165205445
K05219.01,27.765596,1.2,147.6,0.355555292146585
K05727.01,65.3558881,2.61,1158.0,0.35498137149572323
K02327.02,46.331703,1.39,299.9,0.3534440584121021
K02433.07,86.431871,2.85,415.1,0.3528899139520301
K00945.03,66.789347,2.07,358.5,0.35036741947783867
K05162.01,628.15844,0.95,502.3,0.3503507039392252
K08263.01,280.55544,2.17,401.4,0.34984580610041766
K06605.01,74.371666,2.39,102.8,0.34835160424103695
K07484.01,37.0200232,2.14,581.0,0.3479532320855045
K06925.01,12.9489256,0.94,331.0,0.3466733167821623
K05871.01,623.2344,2.04,602.8,0.3465817920805234
K01101.02,11.39110963,1.9,593.4,0.3456862344009964
K00416.04,31.5322987,0.74,106.4,0.3452005204449348
K05196.01,392.47291,5.46,345.6,0.34346765348396285
K08180.01,185.97534,2.76,54.5,0.34289991774187106
K05930.01,302.77571,1.0,1106.0,0.33961638237688735
K03102.01,9.3210841,0.61,294.2,0.33869358549488204
K00621.01,17.761998411,14.25,24176.9,0.3373655021744599
K07283.01,134.413808,1.69,206.1,0.33661214440331155
K06513.01,5.62241111,1.17,464.1,0.33520115296857744
K00971.01,0.533059312,133.56,1495.8,0.33345346257320074
K01772.01,120.00336404,15.08,39596.0,0.3311604644622995
K07136.01,441.17369,2.27,702.0,0.3298671759133355
K07589.01,414.45008,7.01,729.5,0.32769011083081284
K06320.01,22.80265,2.36,53.1,0.3269758174136727
K07884.01,0.70965042,1.49,223.4,0.32621172542549387
K05775.01,492.23808,2.19,676.8,0.3254300450225107
K06118.01,571.280892,3.65,460.7,0.3236304427489005
K05142.01,198.895864,3.33,1779.0,0.32183261055552487
K05398.01,551.22396,2.1,570.7,0.3217525804901061
K05485.01,9.3589254,17.37,1527.0,0.321621014552984
K08211.01,5.0487451,0.67,67.6,0.32109651968810343
K02871.03,18.0811429,0.75,71.2,0.31880808026494295
K01209.01,272.0868353,5.95,5572.0,0.3187740978510438
K05205.01,313.051405,2.91,594.9,0.3181969765861309
K05626.01,397.499229,6.57,2629.7,0.3169207678330682
K07259.01,0.721522907,11.04,22528.0,0.31665659761141324
K00417.01,19.193103549,12.23,6807.3,0.31642916653795367
K07988.01,333.486169,19.3,639.1,0.31620038157852665
K01560.01,31.56904354,11.18,4229.4,0.31592492862069693
K05897.01,395.94327,2.53,1506.0,0.3120727807075057
K06484.01,16.1191449,1.34,262.2,0.31175739467278285
K05550.01,540.39267,3.63,1780.0,0.31097297508990757
K05934.01,19.3854894,6.13,4560.0,0.309829830399623
K05796.01,495.854189,2.41,548.6,0.30973740346533246
K07932.01,502.25648,1.03,153.2,0.3081566236156934
K03761.01,164.950399,11.23,24493.0,0.3077589486734142
K05953.01,370.84786,4.03,1440.0,0.3068604540133867
K03431.01,19.6001405,2.08,282.0,0.3051671739976574
K07716.01,483.36405,1.27,285.4,0.3045856953474101
K05269.01,371.50631,2.88,992.0,0.30166325372559816
K01465.01,9.771462706,10.15,6933.2,0.3013602680342454
K06526.01,486.77832,9.3,370.8,0.30085420023841175
K00460.02,36.0484798,1.24,127.6,0.3005869395217096
K05649.01,426.942225,2.32,1209.0,0.3004932065039656
K07539.01,15.3416245,1.3,269.6,0.3004058060371846
K07572.01,91.069934,1.59,12.7,0.2974307571764642
K07992.01,277.13367,1.84,321.2,0.2965106708015776
K05228.01,546.53309,1.03,758.0,0.29650904492871016
K06904.01,26.1556767,1.28,295.0,0.29591485817703406
K07180.01,487.83894,3.94,453.3,0.2955369637943255
K06511.01,27.122801,1.46,234.7,0.29443595334096767
K05434.01,581.87357,2.96,905.6,0.29421909979311944
K08242.01,331.55459,1.36,288.7,0.29403498181018795
K06195.01,1.444486083,1.73,980.7,0.2932083364051952
K08253.01,400.11482,0.95,113.4,0.2926822399357849
K07592.01,381.97977,1.55,900.0,0.29225416911136737
K06762.01,15.08186,0.98,81.6,0.2918505838806794
K07483.01,16.9163386,0.68,64.2,0.2916234522944861
K05987.01,5.288547653,55.28,2185.3,0.29027839965713936
K07383.01,50.0122,1.2,210.4,0.28938711423609675
K02193.02,4.16288745,1.32,391.7,0.2883810928988984
K07729.01,50.563697,1.57,50.5,0.28823539944694754
K05300.01,188.954072,2.46,166.5,0.2868036964229896
K05863.01,8.67237968,0.87,99.1,0.28625470650785145
K05899.01,58.669218,1.28,169.4,0.28597544535145797
K05879.01,88.523517,1.6,828.0,0.2855848365745513
K05057.01,493.74242,7.15,506.1,0.28492957946003344
K06447.02,91.649983,2.27,193.6,0.2846147437047186
K06889.01,75.906736,0.63,26.9,0.2839301578525982
K07593.01,67.412998,1.57,126.1,0.2834720291005945
K07878.01,36.566324,15.41,2943.0,0.28331908758079866
K06872.01,13.5164708,0.88,140.1,0.28302332305291145
K06256.01,14.137062,1.37,393.0,0.28111138296044824
K07880.01,623.70774,1.81,250.9,0.2786982931154716
K05574.01,373.41509,2.55,1806.0,0.27707419530848876
K03320.01,85.0624157,21.26,41901.0,0.27693023079910567
K06653.01,28.2682167,1.22,197.0,0.2762268531847457
K07703.01,413.51856,1.96,391.1,0.2761640082193814
K05174.01,22.4932751,6.04,152.0,0.27567867737647317
K05283.01,18.7821603,0.83,77.2,0.272850412615952
K06372.01,71.008017,1.11,170.2,0.2716329846292507
K08246.01,425.64971,1.58,171.2,0.27159700474981563
K06635.01,0.52740121,1.49,1316.0,0.2703148191192986
K00972.02,7.82187328,2.78,42.2,0.2698120222428133
K07535.01,15.09984259,4.11,484.8,0.26976054938874144
K03051.01,11.682369,1.45,234.5,0.2688281266212858
K06570.01,16.214474,3.53,161.7,0.26797962468680464
K06734.01,498.27269,2.12,534.0,0.2675351336329175
K06253.01,27.556452,1.4,289.2,0.2667350162874476
K01666.01,0.968026356,1.78,212.7,0.26634956196702286
K02671.01,21.47642727,59.5,348130.0,0.2650158429589752
K04961.01,348.96347,2.04,585.2,0.2642963137323347
K07591.01,328.32211,1.3,399.0,0.26423209996441616
K05379.01,520.655224,7.58,314.9,0.26402798747407036
K06262.01,0.673141323,1.29,229.5,0.26296008214725913
K01455.01,15.068060768,16.43,19387.0,0.2624816803721839
K05741.01,362.0619,2.12,886.2,0.26126052866886507
K02248.02,9.4907638,1.05,197.4,0.2601809539191669
K01192.01,1295.362215,57.82,8708.0,0.2593491312167697
K05896.01,434.28175,1.94,663.1,0.258963374034504
K01110.02,3.71840884,0.84,77.2,0.25854273198967126
K05764.01,286.02266,2.03,1036.0,0.2585255958815264
K07389.01,27.5837778,11.03,202.5,0.25830869074552626
K08109.01,218.771117,250.2,140.1,0.25745964141324396
K04198.01,1.182862515,1.26,22.3,0.25692639872129963
K06188.01,1.645319649,2.46,1082.0,0.2564987381797555
K07470.01,392.50115,1.9,391.2,0.2560222896771934
K06384.01,566.28176,2.79,1200.0,0.2560085031188546
K04097.02,4.44902309,0.55,88.9,0.2558846556159198
K06753.01,72.28198,13.11,1265.0,0.2557997054013786
K07074.01,26.8552365,1.49,194.2,0.25514825837295163
K03767.01,6.714247798,14.78,32213.0,0.2540699319156734
K08272.01,432.42787,1.14,110.3,0.2532947461600563
K07330.01,198.11309,1.09,53.3,0.2524647631862291
K00437.01,15.84132627,16.84,31083.0,0.2518903734214164
K06449.01,29.9315174,1.58,353.0,0.2505352549539753
K06781.01,14.5909249,0.93,146.9,0.2497486411923488
K05616.01,441.61919,1.71,820.0,0.24864200452511662
K06516.01,11.2901559,0.88,163.8,0.24856950363739638
K05539.01,374.05697,2.34,961.1,0.24676605813263658
K04923.01,38.168652,1.4,90.6,0.24613970775037466
K05588.01,542.91133,2.27,750.1,0.24581929651053883
K07415.01,1.291964282,10.97,28640.0,0.24499934501502363
K05291.01,525.560452,12.74,1196.0,0.24311264579714564
K05572.01,21.9578446,0.78,96.6,0.24105517094288653
K07040.01,502.20642,2.18,447.9,0.24095649986983483
K06182.02,28.684308,1.35,282.3,0.24061630417396715
K07380.01,15.9474242,1.21,191.7,0.238848699011975
K06918.01,0.902403563,6.17,4759.5,0.23846416573579873
K07179.01,407.14656,1.18,82.3,0.23686524601795958
K04862.01,0.903763067,1.08,267.5,0.23686450400914527
K06985.01,10.9279755,0.81,71.5,0.23594472081844706
K06949.01,2.352446342,1.24,32.5,0.2357469474051248
K04084.02,10.72900793,1.78,404.3,0.23505554086413702
K07534.01,23.3787733,0.92,76.0,0.23357198399367188
K07117.02,22.786522,1.45,228.3,0.23250831419494877
K00272.01,1.28132831,4.52,525.5,0.23204083258951239
K00547.02,7.34672485,0.97,143.0,0.23150269021728803
K07546.01,44.113873,4.9,196.3,0.2307772853323409
K00466.01,9.391039263,11.73,2895.6,0.2306732844730096
K05451.01,529.39169,4.4,319.9,0.2306305436879045
K05826.01,30.561533,1.53,585.7,0.22934735648478716
K04848.01,384.6961,1.78,787.0,0.22930359256278968
K06862.01,11.0495766,0.83,102.8,0.22893123383194175
K05933.01,236.506437,10.37,744.4,0.2281231833237326
K05715.01,189.961729,1.93,699.9,0.22718918577782352
K06318.01,5.90260586,1.26,337.7,0.22675088424658227
K04940.01,84.6405853,1.72,784.0,0.22624247029078798
K07282.01,1.758599866,1.6,237.8,0.22614770967695946
K00753.01,19.89913995,14.6,10829.0,0.2251529270951696
K07129.01,64.1983721,1.74,248.2,0.2251355543654869
K05867.01,359.8455,14.76,503.9,0.22483517432533684
K05971.01,493.30572,1.08,404.5,0.22476030895757299
K07370.01,4.48538145,0.96,168.1,0.22172837273762336
K04977.01,25.5338535,1.18,368.0,0.22118715879067002
K05725.01,351.25069,2.23,1324.0,0.22049023736994924
K07558.01,10.1551587,0.94,141.6,0.22041240770831189
K05972.01,449.87203,2.59,1130.0,0.2190832778718038
K06315.01,5.32737192,0.7,107.7,0.2189080252572776
K05479.01,18.347081,5.65,1126.6,0.21835029621612406
K02055.04,6.13074243,1.26,146.1,0.21809456602734079
K05907.01,587.38162,36.77,863.6,0.21779609487815027
K00600.02,294.055263,2.8,770.0,0.21751942302471935
K07621.01,275.07365,1.86,228.9,0.21740509982072426
K05870.01,132.114,0.75,216.8,0.21687128993102603
K07733.01,1.048130894,4.52,191.8,0.21664501486210702
K05653.01,188.664098,2.02,960.0,0.21639804680970484
K06657.01,1.6037058,1.54,32.8,0.21526156760872434
K05124.01,276.879492,11.67,1762.0,0.21462112424300783
K02433.06,6.06330298,1.64,200.7,0.21445314392433773
K05712.01,287.75613,3.4,1987.0,0.21386412672371294
K05583.01,20.5858591,1.31,260.2,0.21338683428987806
K05365.01,585.64118,2.2,565.2,0.2132515434591749
K07224.01,13.4959496,1.62,253.6,0.2129036647614211
K04264.01,0.888478095,1.51,340.4,0.2128257353405015
K01773.01,83.09708021,13.83,15860.2,0.21247500661269814
K06343.01,569.45051,1.96,425.4,0.21060248858436156
K05275.01,3.781123,1.16,90.4,0.21015457815640876
K00283.03,9.48814747,0.73,47.9,0.20978293049043953
K04105.01,363.41165,3.14,961.7,0.2078162113979357
K06745.01,383.85362,2.78,422.9,0.20767868939235587
K05541.01,339.633833,2.04,517.8,0.20739349444728195
K05660.01,402.20969,10.03,472.5,0.20733581399484324
K04034.02,11.6089351,46.44,199.6,0.20724437875636223
K05390.01,104.198102,5.13,652.2,0.20658285273289145
K06454.01,27.2173855,1.34,155.9,0.2064401202287289
K05789.01,383.26217,1.57,448.4,0.20436829387692415
K06676.01,439.21978,1.81,342.3,0.20371488553975636
K08163.01,370.98253,119.96,552.3,0.20325986291418036
K05881.01,134.35872,1.27,75.2,0.2012990396472304
K00185.01,23.210509958,21.19,28736.9,0.20126239610892024
K03741.02,18.577903,1.36,99.8,0.20120764281680462
K05048.01,138.333748,6.28,603.6,0.20109075966786222
K05202.01,535.93723,1.83,337.2,0.2010342180572169
K00337.02,154.607419,1.56,279.9,0.20065156723142977
K02933.01,119.0833042,22.19,2951.0,0.19974341265001777
K05889.01,374.41813,2.42,430.2,0.19913421865051742
K07235.01,299.70688,1.15,230.7,0.1987107135880596
K03283.03,87.707513,1.72,578.0,0.19809128979926516
K05130.01,370.05918,1.9,669.8,0.1963817571085625
K05192.01,50.55398,0.94,199.7,0.19569677634664145
K05324.01,293.392635,6.84,518.8,0.19506207153153815
K06085.01,5.902596818,25.8,54894.0,0.1950600076113941
K04430.01,0.505111993,1.58,212.8,0.1943660087996828
K05033.01,127.671711,5.52,450.1,0.19426669521784698
K00871.01,12.940668656,22.94,42450.0,0.1941764789724298
K02384.01,62.6825769,39.8,398.9,0.19388225980257384
K06425.01,521.10826,1.5,244.7,0.193635414687014
K05247.01,282.0309,3.22,782.0,0.19319523951567832
K07255.01,86.95432088,,,0.19292541274969588
K05369.01,651.358046,14.58,570.8,0.19223426108699493
K06697.01,82.97062172,,,0.1920880812637262
K07208.01,3.57944367,0.87,117.2,0.19132140233680875
K05749.01,281.95332,2.31,1039.0,0.19116972163926915
K05380.01,369.93355,3.24,995.0,0.19080116510236478
K05640.01,348.665961,9.56,391.2,0.19072102062495364
K01549.01,29.481061268,16.61,11870.9,0.19040833411877023
K05308.01,9.942228056,22.15,31067.9,0.19020612099492415
K04535.02,5.78901936,0.78,110.3,0.1893607600675183
K05480.01,57.140035,5.78,1567.0,0.18816892740521263
K05923.01,366.684634,10.75,456.3,0.187892424223477
K05603.01,341.557931,6.81,433.0,0.18745835004282166
K04886.01,17.99562529,28.98,1068.0,0.18637408298896857
K05126.01,418.04355,13.73,481.6,0.18631401692097904
K05612.01,353.65927,2.58,1018.0,0.18619601586603454
K03810.01,1.013774136,18.59,33878.0,0.1857269396989582
K05718.01,233.64574,5.2,2268.0,0.18528190027775124
K05536.01,392.72811,1.85,499.7,0.1851651077158738
K05798.01,318.25858,2.03,756.0,0.18502153891624426
K04247.01,349.41047,2.41,652.8,0.18495841549079628
K05320.01,357.437578,3.13,272.3,0.1846971780656379
K07607.01,54.54312996,,,0.1846169776984979
K05635.01,113.993156,2.23,69.7,0.1838596290646114
K05473.01,549.42772,2.64,719.1,0.18302267832350586
K05924.01,291.306507,2.49,1132.0,0.1824034779447613
K05758.01,102.493119,2.7,636.1,0.18201991358944425
K03043.02,7.2929891,0.73,72.5,0.18180130602997807
K05945.01,40.7282314,4.58,221.8,0.18092097243100183
K07554.01,482.62011,1.98,324.0,0.1806385071271519
K06610.01,315.07717192,,,0.18048340167796642
K01587.01,52.971584,29.02,3882.6,0.18008530479229687
K05134.01,573.23826,6.93,470.1,0.18003401566784982
K05961.01,19.159760875,25.24,32491.1,0.17984471789942558
K05262.01,438.98396,32.58,745.2,0.1797016082837507
K05226.01,249.35154,4.42,1637.0,0.17947043337278737
K04902.01,409.38645,1.78,531.5,0.1792550910827858
K04583.01,330.906041,2.05,740.0,0.17885299075579109
K07226.01,42.48452259,,,0.178250762613309
K03880.01,1.803697292,1.0,69.7,0.17818344079901283
K05960.01,32.4185265,1.62,110.7,0.17802578070961633
K05849.01,21.512259,1.13,131.3,0.17768453219444158
K01647.03,6.33027476,1.02,89.2,0.1772962347137523
K05815.01,207.767894,3.52,320.6,0.17680940924397495
K06291.01,8.8324193,0.98,74.1,0.17669999716365972
K05406.01,5.71966537,0.82,19.1,0.17622518155285552
K06598.01,10.95210361,,,0.17601231266318115
K05684.01,206.801125,24.34,716.0,0.17551028775760913
K06172.01,31.8134892,1.18,234.2,0.17541431460972298
K08297.01,229.957537,43.78,400.0,0.17424591265836575
K05922.01,367.07446,2.15,368.3,0.17394887037236859
K05782.01,584.55603,6.69,346.7,0.17388819152191565
K05322.01,30.928898,8.1,203.3,0.17305299687101872
K05878.01,211.54114,1.88,751.0,0.1727134612484308
K03028.02,458.16754,2.11,683.0,0.17121962148095707
K01319.02,142.685885,2.76,1195.0,0.1712161538728163
K05474.01,284.666844,8.98,418.0,0.17102171422273332
K07117.01,8.2927558,1.01,103.3,0.17094925402942196
K05408.01,415.748785,3.24,463.7,0.17092897735739232
K05135.01,314.765374,2.0,732.0,0.1705204532921427
K05682.01,46.969389,7.45,1875.0,0.17050846720522106
K05860.01,264.708077,6.17,461.3,0.1704155619152717
K06835.01,22.50053441,,,0.17039886396236903
K05227.01,371.56492,1.89,375.5,0.17033538025330383
K02879.01,0.339069751,2.09,53.2,0.17025839288110484
K05387.01,297.78282,1.17,392.4,0.17004782298259133
K05446.01,416.9504,7.35,479.8,0.1698289217943579
K04981.01,349.73652,2.32,886.0,0.16959994995520442
K04435.02,17.8693759,0.81,63.0,0.16958123347669432
K06516.02,28.24753303,,,0.16922625087187093
K02141.01,1.306984786,18.33,302.1,0.16915296215230807
K05119.01,143.163697,20.03,390.3,0.16874753525745811
K05230.01,330.738115,4.42,333.3,0.1686750318862344
K07467.01,7.20558084,1.33,58.0,0.16856943825347973
K04418.01,333.03842,3.19,1260.0,0.16843544904620097
K02533.03,26.1152887,2.38,70.0,0.1683189694541099
K02261.02,6.6254781,0.9,122.0,0.16727842145934257
K05853.01,366.68293,3.15,1075.0,0.16635221070367243
K02756.02,5.06993245,0.92,93.6,0.1659078536504935
K07596.01,359.8249913,,,0.1656282541552171
K06759.01,371.70965709,,,0.16562731440266276
K05740.01,21.7997515,1.01,109.5,0.16555035564128168
K00858.01,13.61014819,19.02,5732.9,0.1653499197230458
K05967.01,22.8631517,4.84,103.3,0.16477537923390392
K05689.01,114.12716,2.76,974.0,0.164542375585459
K05864.01,35.9216912,1.38,221.3,0.16332802242271552
K05952.01,164.507439,2.15,433.8,0.16277194803502795
K04676.01,31.183688,3.21,139.8,0.16204476807921833
K05393.01,248.421771,18.92,704.0,0.16200177806265653
K05281.01,263.90141,23.91,807.1,0.16197775248484073
K05358.01,126.586058,1.54,124.9,0.16190605599148042
K05776.01,198.6004,4.6,300.8,0.1616692750151107
K05639.01,279.21957,4.92,333.5,0.16163150785790145
K05745.01,11.374442708,22.86,27904.9,0.16162335330107191
K07305.01,3.72920972,0.8,14.4,0.16155716094265563
K05066.01,110.089267,2.4,1018.0,0.16084547975443203
K00365.02,117.761,0.62,53.9,0.16028379298348736
K05978.01,364.18129,1.78,469.5,0.15974605756440555
K02220.05,11.9294568,1.05,132.3,0.15968079864381005
K05819.01,381.37504,1.24,286.5,0.15961430501305515
K02680.01,14.4079035,23.4,3058.0,0.1591390427361268
K00492.02,265.29617,2.99,608.0,0.15860801396587787
K05213.01,48.2455501,0.64,60.5,0.15769930528948423
K04822.01,3.51413723,0.69,32.7,0.15696237860992382
K00210.01,20.92735802,17.36,8091.0,0.1569579163914329
K05487.01,48.8130123,2.95,702.0,0.15693861957843164
K00841.04,269.306232,24.0,1708.0,0.15674330536714173
K07111.01,23.59919017,,,0.15572086969949242
K05680.01,557.92882,2.97,262.2,0.15565899870486352
K05704.01,96.16705,1.15,270.7,0.15548587174295625
K05591.01,317.009388,4.03,326.9,0.1551691422181057
K03777.01,17.7476059,146.63,877.0,0.15471369987329836
K00970.01,3.9886021,34.39,673.5,0.15452005860711848
K05839.01,169.415073,2.32,239.9,0.15408182795432812
K02188.02,6.7445683,0.86,86.6,0.15402373031338867
K06178.02,33.814176,1.49,222.6,0.15327589647135725
K06489.01,14.05652256,,,0.1518537072997044
K04716.02,12.26708306,,,0.15173700432304557
K03395.02,5.0395851,0.78,70.1,0.15135227980678811
K04871.02,5.522479,0.76,33.1,0.15127511948253264
K05532.01,24.6777128,6.04,131.3,0.15120443664898228
K05755.01,388.67155,1.49,371.3,0.1510238901681281
K07195.01,5.89773974,1.0,77.9,0.1507253289301909
K05799.01,184.883155,2.82,304.1,0.15066683912511397
K06102.01,54.2916336,1.67,97.8,0.1506323566569283
K05578.01,388.048463,3.0,149.6,0.15059213107119118
K01631.01,0.592243731,6.77,3992.4,0.15052458510640707
K05822.01,17.634272,1.69,76.7,0.15038248975162213
K05021.01,288.07937,3.01,991.0,0.15038090901752962
K05848.01,323.159363,3.41,368.6,0.15015610173398622
K06618.01,8.6040858,0.94,87.6,0.15001745568669456
K05685.01,14.0019064,17.96,376.1,0.14986245968270182
K02369.02,6.3143447,1.34,191.4,0.14972828461442678
K05461.01,119.079642,17.89,422.5,0.14968402515715612
K05457.01,578.21623,3.54,120.6,0.14946368895096632
K05585.01,113.573945,3.45,249.6,0.14914714479581362
K04864.01,5.66494448,0.78,46.0,0.14877734120767921
K05237.01,380.39474,1.84,603.0,0.14871434193187472
K07199.01,20.2944118,774.73,453.9,0.1482198699263064
K05517.01,335.43143,7.12,228.1,0.14813173243145988
K05009.01,359.98653,1.76,671.0,0.14790926529937107
K01945.02,17.1181036,1.22,167.7,0.14783999041922916
K05344.01,445.351255,3.66,420.4,0.14729632598971365
K05472.01,97.5137491,5.27,279.8,0.14712533054912527
K05613.01,346.4174,2.41,662.0,0.14705766958641284
K02167.02,6.95787,1.39,182.3,0.1452119738324487
K05950.01,109.43946,1.0,187.1,0.1449937576301274
K05794.01,30.9771151,4.3,125.0,0.1448789942290415
K06819.01,3.226232203,1.01,36.3,0.14444055997880242
K05037.01,349.58811,134.79,373.3,0.14439342451907403
K04253.01,173.2578372,117.29,687.0,0.1442358789682149
K05289.01,181.81214,2.04,474.6,0.14414395254922188
K07094.01,13.56092626,,,0.14278813794828493
K06355.02,6.72876606,1.03,117.4,0.1427014000234845
K02272.01,1.34145255,1.31,26.6,0.1419574435858734
K02636.02,5.1777226,0.63,41.7,0.141890778895053
K05570.01,574.65297,2.28,725.0,0.14180747981544625
K05027.01,62.312419,6.15,123.0,0.14134441596053407
K07973.01,1.33199285,,,0.14096186769414532
K05866.01,102.300622,35.36,781.2,0.14084692443959254
K04670.01,6.80899076,89.29,1192.0,0.14063787099815728
K05085.01,327.063,2.82,1006.0,0.1405044063731181
K05892.01,37.959659,1.41,287.9,0.14030408120848942
K06118.02,4.66185924,1.16,49.3,0.14024090643226136
K05903.01,253.790434,2.06,604.0,0.13948673675490933
K04931.01,579.81521,2.71,607.0,0.13802268857005112
K04978.01,339.18998,2.75,822.0,0.13787723368477942
K05801.01,177.37583,1.96,459.7,0.13761911054277642
K05609.01,535.1515,2.7,362.3,0.13743583333593556
K00989.03,16.15811112,86.13,2319.8,0.13727417243335355
K05643.01,570.01886,1.62,428.5,0.1372620562682895
K05816.01,82.508054,14.04,351.9,0.13717741879727852
K05099.01,111.187116,1.51,110.8,0.13657549425465512
K05046.01,40.9882124,1.44,145.8,0.13645215009405434
K02281.02,455.27405,1.54,366.0,0.13607289184578955
K05373.01,50.550788,5.0,154.5,0.1341341332467359
K01639.02,9.9824036,1.17,83.9,0.1332699767386163
K05847.01,277.114286,17.56,567.1,0.13250454282500798
K05502.01,421.98194,2.02,173.1,0.13173422164295265
K05423.01,366.55705,2.63,582.5,0.13138066890187516
K04382.02,3.98167088,0.79,44.7,0.13076048319355585
K05918.01,94.67782,1.46,287.0,0.1306741249011411
K04943.01,15.2024426,113.97,834.0,0.1296630195342603
K04986.01,444.04257,1.48,417.4,0.12961550114718834
K05556.01,631.99116,1.86,345.6,0.12950786522420635
K06151.01,431.78556,1.36,332.6,0.129460401104757
K06698.01,5.22422449,,,0.12922133029305877
K04782.01,7.4213444,1.73,315.9,0.12897019345857552
K05859.01,172.621943,26.09,788.0,0.1286913085030764
K05222.01,367.6758,2.77,699.5,0.12835959459126522
K05579.01,34.0269868,1.57,361.7,0.12770937424403492
K05852.01,235.413973,3.2,1027.0,0.12736055314081335
K05231.01,78.876125,2.03,472.3,0.12616758587770785
K01225.01,1.714274727,25.0,28460.1,0.12595525649665093
K05812.01,3.1318392,1.5,159.9,0.12518507655132805
K06913.02,1.75173647,3.86,68.4,0.12494875967948592
K05083.01,69.932459,8.25,264.4,0.12467428258999264
K05497.01,93.359737,1.05,38.3,0.12460246087725771
K04555.01,364.08733,1.39,372.0,0.12437441414650444
K05087.01,651.07431,1.55,153.7,0.12321693536671477
K05337.01,470.65357,2.99,985.0,0.122580221807357
K05554.01,362.22202,0.96,52.5,0.12235388933454457
K01070.03,92.77779,1.92,359.0,0.12206078937744451
K05898.01,76.37924,1.73,276.3,0.12086530673036151
K05921.01,175.452812,3.96,141.8,0.12054483446286625
K05268.01,474.22897,2.0,475.2,0.12016870020538069
K04462.01,45.163025,2.35,130.3,0.12004144232102933
K05937.01,357.588538,3.53,344.8,0.11998097220987321
K01445.02,54.325574,0.76,44.2,0.11988505537123101
K05868.01,22.7783121,1.89,155.6,0.1197916804449106
K05830.01,72.782432,11.19,245.8,0.11959416967333006
K01576.03,23.3397956,1.23,125.1,0.11813027355063312
K00648.01,10.47490332,15.45,1170.2,0.11775523769717317
K04790.01,6.07855,1.14,102.7,0.11725437396359796
K01665.02,5.91393977,1.07,84.0,0.116813414562795
K05003.01,112.951287,15.19,555.6,0.11670404947508994
K01616.02,34.775371,0.67,38.8,0.11638696210549519
K03207.01,0.954388314,2.27,57.2,0.11623632392596282
K05968.01,97.942437,2.29,100.2,0.11561420130039107
K06168.02,75.072964,1.09,74.3,0.11561244306350206
K00080.01,9.250572762,96.08,1039.5,0.11556119507081973
K05001.01,59.9655175,1.92,310.1,0.11524424735170868
K05690.01,17.0497376,45.89,478.6,0.11495956186665228
K05290.01,435.50635,2.06,553.8,0.11490514703433749
K05633.01,151.77884,4.35,189.7,0.11486420047526011
K05979.01,37.7935113,0.89,67.2,0.11452740619035208
K06600.01,2.70581614,0.69,46.9,0.11444017454783503
K05954.01,73.908995,0.94,100.5,0.11443285986448008
K04426.01,369.13236,2.14,215.9,0.11380283637635025
K05254.01,232.916142,1.2,64.8,0.11357758496075322
K05925.01,93.006,1.97,125.4,0.11351767591388014
K05547.01,571.14302,2.22,531.3,0.1133301393429162
K03132.01,0.536650319,1.35,41.9,0.11328391678827283
K06111.01,228.65412,3.63,179.1,0.11253038195574869
K06214.02,154.536881,4.1,258.5,0.11238799903126795
K05545.01,541.04472,1.08,181.5,0.11221160054454225
K06068.01,6.150251376,100.03,2128.7,0.1121163303456385
K05829.01,583.8531,1.97,491.0,0.11210275840940724
K02869.02,274.743032,2.16,309.0,0.11208004614158519
K05455.01,292.09809,2.09,528.8,0.11161841347268246
K06180.02,58.92565,1.5,44.7,0.11129416128097216
K07562.01,11.76872507,,,0.1106138541961283
K04351.01,0.644322147,24.39,1076.6,0.11026550652176484
K05787.01,69.775633,1.19,140.9,0.10969896482539618
K05618.01,318.49078,3.01,630.0,0.109004352111512
K03088.02,67.8766605,1.92,389.2,0.10888293980607797
K06341.01,9.78184193,,,0.10886323713482736
K05956.01,212.646179,3.19,953.0,0.10853862163971331
K08117.01,0.933745798,3.45,613.8,0.10732534104023288
K05407.01,58.5029431,1.54,117.0,0.10702222332365904
K05948.01,398.51312,1.23,249.2,0.10691491445366794
K05747.01,411.447056,2.86,285.2,0.10680249463169872
K05079.01,56.001782,1.54,125.2,0.10652735266044774
K05004.01,103.363691,2.0,359.1,0.10634940407471631
K05942.01,125.277815,15.75,432.3,0.10597125089309337
K05886.01,284.87177,1.84,106.7,0.10543074630934961
K05068.01,385.29212,1.57,218.5,0.10533830943404714
K05694.01,107.904526,1.26,249.4,0.10523010568236278
K05546.01,514.271499,3.01,688.9,0.1050420446876717
K02312.01,176.331289,2.38,109.8,0.10378181863764224
K05810.01,425.593391,2.25,237.6,0.10358388907844157
K05577.01,495.51899,2.94,297.6,0.10312537715084294
K04991.01,211.330867,2.09,531.0,0.10237446638141223
K05107.01,169.330666,16.68,532.7,0.10231971396461302
K05885.01,111.149082,1.87,394.2,0.10227473956640974
K05499.01,122.58481,1.19,318.9,0.10203829202049751
K04958.01,581.729006,2.74,186.7,0.1019912319743124
K05413.01,428.379308,2.0,386.6,0.10191295431247224
K05360.01,54.595746,2.0,135.8,0.10170593639754463
K06141.01,96.509214,860.3,1528.0,0.10144038628671646
K05158.01,151.13008,4.41,358.0,0.10066528974669052
K01745.01,0.982090079,29.95,5396.7,0.10007338456342511
K04976.01,624.90338,2.77,249.0,0.09923026338980562
K04921.01,95.688682,28.41,453.8,0.09858684657852695
K05912.01,359.854745,2.25,302.4,0.0982938910011064
K05509.01,28.406342,1.41,223.6,0.09760984754561053
K05877.01,230.358183,2.87,1023.0,0.09741606577892542
K05941.01,44.7060191,60.47,292.0,0.09721580215489337
K05707.01,208.800733,2.88,594.0,0.09683885459404283
K05911.01,357.41382,3.01,777.0,0.09650225236643944
K05372.01,212.60398,1.64,188.5,0.0958145769376012
K05665.01,100.494129,1.33,57.6,0.09543578610186447
K07449.01,1.322475635,14.03,997.3,0.09488813126577494
K07455.01,3.773744,2.44,85.2,0.09473284727731325
K02639.02,2.121023807,5.75,263.9,0.09446727426430376
K05216.01,377.311149,2.56,804.0,0.09379876828626066
K05888.01,190.860818,1.84,512.0,0.09361017461851287
K05514.01,102.100752,2.63,194.2,0.09360235212283621
K02224.02,86.130534,1.47,285.2,0.09346462969827202
K05913.01,89.366114,1.97,494.0,0.09267879934201212
K06450.01,0.602277579,0.78,34.6,0.09190608987642132
K01858.02,86.049055,2.06,429.9,0.09168996774105592
K05890.01,263.30198,2.19,377.6,0.09160733399598196
K05592.01,482.51701,2.3,573.0,0.09159760029222387
K06245.02,112.317402,1.77,182.4,0.0915143327929099
K05511.01,74.833577,1.68,86.4,0.0911777102553323
K05873.01,217.170081,109061.0,937.0,0.08930530782248339
K05608.01,87.565484,2.12,396.0,0.08912131354074604
K05156.01,1.680254289,30.88,51633.0,0.08910581439080804
K05500.01,84.934357,1.6,129.7,0.08881312686456017
K05610.01,495.40462,152.21,904.0,0.08711713666643832
K05580.01,173.219879,2.41,239.5,0.08666055791740761
K05973.01,419.93373,1.82,285.0,0.08627778403166213
K05229.01,364.63189,2.06,302.8,0.08627340315768897
K06168.01,131.258668,1.59,153.0,0.08570834607276248
K05604.01,476.91977,2.49,193.6,0.08454479578488916
K04895.02,47.5571352,1.85,339.0,0.08447847918161965
K05642.01,222.28056,2.56,271.9,0.08442885820025664
K06242.03,78.86684,1.3,86.1,0.08419051986343924
K05092.01,271.790292,2.38,318.4,0.08303974253049154
K05629.01,192.138741,1.93,151.4,0.08231953337548255
K05385.01,331.70918,6815.75,3463.0,0.08213628241262873
K05698.01,282.029084,2.33,312.8,0.0814446354112792
K06097.03,282.34315,2.35,220.5,0.08096637505003067
K03401.02,326.6708,2.2,386.4,0.08076098953594538
K05883.01,198.781156,1.69,138.3,0.08070746256206592
K01081.01,9.95639775,28.15,510.5,0.07952483112256875
K06097.04,126.505657,1.51,95.5,0.07849906455917487
K01250.02,1.213672208,697.14,2731.0,0.07776210923761206
K07281.01,2.46506501,1.14,39.8,0.07760067373338542
K06108.01,485.92297,1.07,122.9,0.07736228021336847
K06142.02,111.65546,2121.0,2887.0,0.07690757397977022
K05470.01,578.21805,2.44,637.0,0.07672209948659922
K04898.01,409.87844,2.72,647.1,0.07649749452691708
K05389.01,365.739893,1.73,300.7,0.07586250989076317
K05248.01,179.25465,1.35,272.4,0.07523357065400392
K02474.01,176.845697,42.05,431.6,0.07511775903584957
K06097.02,88.433122,1.7,120.4,0.07474743426517735
K05702.01,511.882,2.56,610.0,0.07428517274043275
K05893.01,405.6296,1.4,304.3,0.07346996017801413
K07559.01,0.708965461,1.13,87.2,0.07310009289183952
K00823.01,1.028436523,72.77,8098.0,0.07299156636866554
K05900.01,355.84731,1.68,123.9,0.07263846420605073
K05468.01,81.704814,1.65,297.0,0.07202715865110414
K05044.01,161.537665,1.37,101.8,0.07163491244088081
K05772.01,75.636309,1.32,174.6,0.07162470802986114
K05959.01,251.48808,1.74,305.0,0.07055381137957811
K07231.02,4.74701479,13333.5,3622.0,0.06988360090722266
K05681.01,77.51257,28199.3,1510.0,0.06910183402404199
K01251.01,0.576078683,23.23,10084.8,0.06834428067344353
K05939.01,105.053389,1.52,176.7,0.06555371964846363
K05902.01,150.728285,1.27,213.5,0.06542654751174466
K06100.02,117.684591,1.52,134.6,0.06531453951180467
K07061.01,1.371587993,4.91,456.1,0.06473650808712367
K05825.01,208.047137,2.05,287.5,0.06462104046219909
K05101.01,436.18813,1.64,118.0,0.0639576942304111
K05910.01,91.240335,1.75,206.1,0.06392059804863935
K05030.01,411.8969,2.61,502.8,0.06343376205881861
K05506.01,641.60204,1.61,237.3,0.06302062563613098
K06173.01,214.013044,1.54,123.2,0.06283779413849774
K05851.01,322.221973,2.18,465.6,0.06094425106498909
K05835.01,474.96952,2.44,595.0,0.06064507490975651
K04333.01,309.25581,2.18,421.4,0.0595773010587848
K00423.02,360.477635,11943.8,604.0,0.05921065140052454
K05876.01,189.456089,2.2,453.0,0.05906659200570273
K05671.01,190.905243,1.73,227.1,0.058394440608384376
K02086.04,335.56311,1.83,158.0,0.05834506342659328
K05188.01,455.195496,2.09,293.6,0.057935162425367205
K00820.01,4.64090031,30.09,2450.6,0.055363013653296725
K06245.01,144.102562,1.67,171.3,0.05515169794839005
K05164.01,209.967521,1.16,120.0,0.0547238852009404
K06239.01,406.496216,1.77,380.2,0.05435084474212022
K06120.02,205.41415,1.67,283.8,0.052673512888869824
K06542.01,0.8867443,,,0.052470067565538264
K05528.01,201.621794,2.02,480.0,0.05220700527596532
K05176.01,215.732414,1.26,208.2,0.05153315962111301
K07360.01,4.0953585,7.76,226.8,0.050452615831716896
K05598.01,376.934014,2.13,382.4,0.05020185416132066
K05938.01,545.205601,1.66,199.7,0.05012069070072636
K05949.01,559.785594,1.88,274.8,0.049925171439677916
K06176.01,143.09688,1.48,125.0,0.045971133986412574
K05657.01,284.699924,2.0,371.1,0.04283387898864336
K05806.01,313.82752,1.26,168.0,0.041733125684376766
K05666.01,182.453195,1.26,184.0,0.04002587949309183
K07865.01,0.518060209,61.49,2258.4,0.04000135509919168
K04878.01,449.01499,1.04,94.2,0.03970000509043887
K06884.01,2.42186898,,,0.03841760347845438
K05165.01,369.73011,1.66,274.8,0.03599211677682379
K00841.05,499.47338,3.71,1662.0,0.03536757585081289
K05737.01,376.24253,1.32,185.7,0.033520282930701695
K01198.04,1.00861677,,,0.033303635701748
K05638.01,290.02002,1.56,172.5,0.028174817121842857
K03456.02,486.12702,1.18,120.6,0.0257063991862186
K05645.01,580.85326788,,,0.017496524708680943
K05467.01,502.8356901,,,0.010743886821654018
K01356.01,384.02570682,,,0.010551187410502665
K05644.01,378.93139106,,,0.010551187410502665
K05977.01,49.49059818,,,0.0099162838754336
K04969.01,59.14382117,,,0.00951929974413882
K05916.01,100.41475198,,,0.009132216479631056
K06150.01,48.9528113,,,0.009132216479631056
K04568.02,48.04066636,,,0.009132216479631056
K05926.01,26.46288074,,,0.009132216479631056
K05905.01,35.6606167,,,0.009031343314942632
K04960.01,47.82278681,,,0.008484162949303448
K06239.02,491.61516814,,,0.008459362895681994
K05431.01,43.08410127,,,0.00824961720876693
K05533.01,113.05980069,,,0.008098932292051416
K01940.02,6.73679732,,,0.008056257050643468
K06216.02,46.07931317,,,0.007955170482055098
K05795.01,19.11280242,,,0.007756989401132922
K05936.01,48.38798413,,,0.007756989401132922
K00364.01,173.92851338,,,0.007627509434065961
K05367.01,502.98283916,,,0.0073904175261231275
K01677.02,8.51170088,,,0.00697080898869681
K05422.01,360.64485255,,,0.006878677353254754
K05966.01,478.79185021,,,0.006608691419947427
K05266.01,37.71508287,,,0.006584881147256394
K06202.01,47.25643291,,,0.006124788430016775
K02640.01,33.18089453,,,0.006014424636246917
K06176.02,73.4567573,,,0.005886954515388101
K04396.04,437.51586139,,,0.005822757040101343
K01445.03,20.01959599,,,0.005369750507374756
K06238.01,197.05431574,,,0.005350255548421155
K05931.01,115.19952922,,,0.0048422568817334125
K05785.01,70.31252504,,,0.004710222672101727
K02311.01,191.86419296,,,0.004642133253964387
K02311.02,13.72549689,,,0.004318917904394913
K05656.01,169.84787744,,,0.004310816459902311
K06237.02,47.14404783,,,0.004199210129563715
K05425.01,39.42516213,,,0.00383533306983657
K05160.01,258.63797782,,,0.0036959801268389545
K06216.01,26.40805532,,,0.003637746203801139
K05022.01,117.26808432,,,0.0036339483656474725
K06242.02,76.83994597,,,0.0036134984678969613
K05006.01,126.51457638,,,0.003560184061235491
K04932.01,19.12788374,,,0.0035450506735863682
K05035.01,115.23145073,,,0.0035450506735863682
K01316.02,12.37679312,,,0.003495740884299005
K06180.01,28.201998,,,0.0034942115030644786
K06242.01,212.43503674,,,0.0032418710903434453
K05836.01,202.18722766,,,0.003071673962655489
K06210.01,51.85656556,,,0.002751349094783348
K06127.01,114.27173902,,,0.002751349094783348
K06097.01,93.05654364,,,0.0025688008342422725
K05264.01,52.69092296,,,0.0025688008342422725
K05857.01,388.03884851,,,0.0024763986503625545
K05935.01,416.87893121,,,0.0024763986503625545
K06142.01,69.64679311,,,0.002362078684212324
K00129.02,143.21109362,,,0.002300251340693682
K05955.01,96.32561456,,,0.0022587212871493395
K05759.01,284.94212784,,,0.002208635712561788
K06224.01,91.20573037,,,0.0021999803214217597
K01739.01,220.65651253,,,0.0020293134601722875
K05352.01,270.1430241,,,0.0020293134601722875
K02339.02,65.18703725,,,0.0018694508765783153
K05437.01,213.63312404,,,0.0017420941967891213
K06142.03,86.13201864,,,0.001686201563378148
K05882.01,55.01469183,,,0.001686201563378148
K02323.01,58.35512552,,,0.0016017600106782743
K04030.02,163.51489847,,,0.0013291886034339337
K05821.01,113.71363032,,,0.0011935737557441397
K05872.01,46.16051579,,,0.0011935737557441397
K01922.02,15.09521323,,,0.0011935737557441397
K05951.01,194.25835342,,,0.000960368090613421
K06115.01,168.66934782,,,0.000960368090613421
K05807.01,236.09799849,,,0.000960368090613421
K05946.01,183.38048452,,,0.000960368090613421
K03504.02,140.24408749,,,0.0008624854583143033
K02160.02,15.40877383,,,0.0008247532429236266
K05837.01,280.92070688,,,0.0008097319836958881
